,Aligned_Sequence,Reference_Sequence,NHEJ,UNMODIFIED,HDR,n_deleted,n_inserted,n_mutated,#Reads,%Reads,has_outout_indicators,has_outout_rc_indicators,is_nonspecific_outout_indicators,OutOut_Aligned_Sequence,is_untreated,outout_left_match_len,outout_right_match_len,outout_insert_start_point,outout_insert_end_point,outout_outleft_align_score,outout_outright_align_score,is_len_perfect_outout_ki,is_perfect_outout_ki,has_leftinout_indicators,Leftside_InOut_Aligned_Sequence,has_multi_leftinout_indicators,has_rightinout_indicators,Rightside_InOut_Aligned_Sequence,has_multi_rightinout_indicators,has_rc_leftinout_indicators,RC_Leftside_InOut_Aligned_Sequence,has_multi_rc_leftinout_indicators,has_rc_rightinout_indicators,RC_Rightside_InOut_Aligned_Sequence,has_multi_rc_rightinout_indicators,leftinout_left_match_len,leftinout_right_match_len,leftinout_insert_start_point,leftinout_insert_end_point,leftinout_outleft_align_score,leftinout_outright_align_score,is_nearly_leftinout_ki,rightinout_left_match_len,rightinout_right_match_len,rightinout_insert_start_point,rightinout_insert_end_point,rightinout_outleft_align_score,rightinout_outright_align_score,is_nearly_rightinout_ki,whole_classification_label,can_scan_leftjunction,is_left_nhej_ki,is_left_imperfect_ki_complex,left_classification_label,can_scan_rightjunction,is_right_nhej_ki,is_right_imperfect_ki_complex,right_classification_label,can_scan_left_rc_junction,is_left_rc_nhej_ki,is_left_rc_imperfect_ki_complex,left_rc_classification_label,can_scan_right_rc_junction,is_right_rc_nhej_ki,is_right_rc_imperfect_ki_complex,right_rc_classification_label,is_targetsite_edited,is_overall_edited_substitution,is_overall_edited_insertion,is_overall_edited_deletion,mutation_classification_label,global_left_classification_label,global_right_classification_label,global_outout_classification_label,has_edited_fragment_seq_in_other,CRISPResso_reclassification_labels
0,TGTGTTCGTTTTTCTTCAGTGCTATTTCTTCACAATCGAGTTTGGCCTTTGCAAGCAAGAAGGGCAACTGCGGGCATATGGAGCAGGACTCCTTTCCTCCATTGGAGAATTAAAGGTATGAAGCTGTGAATGAAAATACCCTTCCCATGCAAACTGGTTCAAGGTCAGGGAAAATATTGATTTGTTTGTCTGAGCATTTCTACTCACAGATACTCCATAAATATTTAACATAGAGGATTTGGCACCTCGGATGTGGGTGCCGACCTCACTTTTCGCACTTGTGAAA,TGTGTTCGTTTTTCTTCAGTGCTATTTCTTCACAATCGAGTTTGGCCTTTGCAAGCAAGAAGGGCAACTGCGGGCATATGGAGCAGGACTCCTTTCCTCCATTGGAGAATTAAAGGTATGAAGCTGTGAATGAAAATACCCTTCCCATGCAAACTGGTTCAAGGTCAGGGAAAATATTGATTTGTTTGTCTGAGCATTTCTACTCACAGATACTCCATAAATATTTAACATAGAGGATTTGGCACCTCGGATGTGGGTGCCGACCTCACTTTTCGCACTTGTGAAA,False,True,False,0,0,0,673,24.87065779748707,True,False,False,GGGCATATGGAGCAGGACTCCTTTCCTCCATTGGAGAATTAAAGGTATGAAGCTGTGA,True,0,0,0,0,0.0,0.0,False,False,False,,False,False,,False,False,,False,False,,False,0,0,0,0,0,0,False,0,0,0,0,0,0,False,no_inout_indicators,False,False,False,no_leftinout_indicators,False,False,False,no_rightinout_indicators,False,False,False,no_leftinout_rc_indicators,False,False,False,no_rightinout_rc_indicators,False,False,False,False,untreated,LEFT_NO_DETECTED,RIGHT_NO_DETECTED,UNTREATED,False,Unmodified
4,GTGTTCGTTTTTCTTCAGTGCTATTTCTTCACAATCGAGTTTGGCCTTTGCAAGCAAGAAGGGCAACTGCGGGCATATGGAGCAGGACTCCTTTCCTCCATTGGAGAATTAAAGGTATGAAGCTGTGAATGAAAATACCCTTCCCATGCAAACTGGTTCAAGGTCAGGGAAAATATTGATTTGTTTGTCTGAGCATTTCTACTCACAGATACTCCATAAATATTTAACATAGAGGATTTGGCACCTCGGATGTGGGTGCCGACCTCACTTTTCGCACTTGTGAAA,TGTGTTCGTTTTTCTTCAGTGCTATTTCTTCACAATCGAGTTTGGCCTTTGCAAGCAAGAAGGGCAACTGCGGGCATATGGAGCAGGACTCCTTTCCTCCATTGGAGAATTAAAGGTATGAAGCTGTGAATGAAAATACCCTTCCCATGCAAACTGGTTCAAGGTCAGGGAAAATATTGATTTGTTTGTCTGAGCATTTCTACTCACAGATACTCCATAAATATTTAACATAGAGGATTTGGCACCTCGGATGTGGGTGCCGACCTCACTTTTCGCACTTGTGAAA,False,True,False,0,0,0,70,2.5868440502586845,True,False,False,GGGCATATGGAGCAGGACTCCTTTCCTCCATTGGAGAATTAAAGGTATGAAGCTGTGA,True,0,0,0,0,0.0,0.0,False,False,False,,False,False,,False,False,,False,False,,False,0,0,0,0,0,0,False,0,0,0,0,0,0,False,no_inout_indicators,False,False,False,no_leftinout_indicators,False,False,False,no_rightinout_indicators,False,False,False,no_leftinout_rc_indicators,False,False,False,no_rightinout_rc_indicators,False,False,False,False,untreated,LEFT_NO_DETECTED,RIGHT_NO_DETECTED,UNTREATED,False,Unmodified
5,TGTGTTCGTTTTTCTTCAGTGCTATTTCTTCACAATCGAGTTTGGCCTTTGCAAGCAAGAAGGGCAACTGCGGGCATATGGAGCAGGACTCCTTTCCTCCATTGGAGAATTAAAGGTATGAAGCTGTGAATGAAAATACCCTTCCCATGCAAACTGGTTCAAGGTCAGGGAAAATATTGATTTGTTTGTCTGAGCATTTCTACTCACAGATACTCCATAAATATTTAACATAGAGGATTTGGCACCTCGGATGTGGGTGCCGACCTCACTTTTCGCACTTGTGAA,TGTGTTCGTTTTTCTTCAGTGCTATTTCTTCACAATCGAGTTTGGCCTTTGCAAGCAAGAAGGGCAACTGCGGGCATATGGAGCAGGACTCCTTTCCTCCATTGGAGAATTAAAGGTATGAAGCTGTGAATGAAAATACCCTTCCCATGCAAACTGGTTCAAGGTCAGGGAAAATATTGATTTGTTTGTCTGAGCATTTCTACTCACAGATACTCCATAAATATTTAACATAGAGGATTTGGCACCTCGGATGTGGGTGCCGACCTCACTTTTCGCACTTGTGAAA,False,True,False,0,0,0,59,2.1803399852180343,True,False,False,GGGCATATGGAGCAGGACTCCTTTCCTCCATTGGAGAATTAAAGGTATGAAGCTGTGA,True,0,0,0,0,0.0,0.0,False,False,False,,False,False,,False,False,,False,False,,False,0,0,0,0,0,0,False,0,0,0,0,0,0,False,no_inout_indicators,False,False,False,no_leftinout_indicators,False,False,False,no_rightinout_indicators,False,False,False,no_leftinout_rc_indicators,False,False,False,no_rightinout_rc_indicators,False,False,False,False,untreated,LEFT_NO_DETECTED,RIGHT_NO_DETECTED,UNTREATED,False,Unmodified
25,GTGTTCGTTTTTCTTCAGTGCTATTTCTTCACAATCGAGTTTGGCCTTTGCAAGCAAGAAGGGCAACTGCGGGCATATGGAGCAGGACTCCTTTCCTCCATTGGAGAATTAAAGGTATGAAGCTGTGAATGAAAATACCCTTCCCATGCAAACTGGTTCAAGGTCAGGGAAAATATTGATTTGTTTGTCTGAGCATTTCTACTCACAGATACTCCATAAATATTTAACATAGAGGATTTGGCACCTCGGATGTGGGTGCCGACCTCACTTTTCGCACTTGTGAA,TGTGTTCGTTTTTCTTCAGTGCTATTTCTTCACAATCGAGTTTGGCCTTTGCAAGCAAGAAGGGCAACTGCGGGCATATGGAGCAGGACTCCTTTCCTCCATTGGAGAATTAAAGGTATGAAGCTGTGAATGAAAATACCCTTCCCATGCAAACTGGTTCAAGGTCAGGGAAAATATTGATTTGTTTGTCTGAGCATTTCTACTCACAGATACTCCATAAATATTTAACATAGAGGATTTGGCACCTCGGATGTGGGTGCCGACCTCACTTTTCGCACTTGTGAAA,False,True,False,0,0,0,14,0.5173688100517368,True,False,False,GGGCATATGGAGCAGGACTCCTTTCCTCCATTGGAGAATTAAAGGTATGAAGCTGTGA,True,0,0,0,0,0.0,0.0,False,False,False,,False,False,,False,False,,False,False,,False,0,0,0,0,0,0,False,0,0,0,0,0,0,False,no_inout_indicators,False,False,False,no_leftinout_indicators,False,False,False,no_rightinout_indicators,False,False,False,no_leftinout_rc_indicators,False,False,False,no_rightinout_rc_indicators,False,False,False,False,untreated,LEFT_NO_DETECTED,RIGHT_NO_DETECTED,UNTREATED,False,Unmodified
45,TGTGTTCGTTTTTCTTCAGTGCTATTTCTTCACAATCGAGTTTGGCCTTTGCAAGCAAGAAGGGCAACTGCGGGCATATGGAGCAGGACTCCTTTCCTCCATGGAGAATTAAAGGTATGAAGCTGTGAATGAAAATACCCTTCCCATGCAAACTGGTTCAAGGTCAGGGAAAATATTGATTTGTTTGTCTGAGCATTTCTACTCACAGATACTCCATAAATATTTAACATAGAGGATTTGGCACCTCGGATGTGGGTGCCGACCTCACTTTTCGCACTTGTGAAA,TGTGTTCGTTTTTCTTCAGTGCTATTTCTTCACAATCGAGTTTGGCCTTTGCAAGCAAGAAGGGCAACTGCGGGCATATGGAGCAGGACTCCTTTCCTCCATTGGAGAATTAAAGGTATGAAGCTGTGAATGAAAATACCCTTCCCATGCAAACTGGTTCAAGGTCAGGGAAAATATTGATTTGTTTGTCTGAGCATTTCTACTCACAGATACTCCATAAATATTTAACATAGAGGATTTGGCACCTCGGATGTGGGTGCCGACCTCACTTTTCGCACTTGTGAAA,False,True,False,0,0,0,8,0.29563932002956395,True,False,False,GGGCATATGGAGCAGGACTCCTTTCCTCCATGGAGAATTAAAGGTATGAAGCTGTGA,False,48,27,48,71,0.5408163265306123,0.9464285714285714,False,False,False,,False,False,,False,False,,False,False,,False,0,0,0,0,0,0,False,0,0,0,0,0,0,False,no_inout_indicators,False,False,False,no_leftinout_indicators,False,False,False,no_rightinout_indicators,False,False,False,no_leftinout_rc_indicators,False,False,False,no_rightinout_rc_indicators,True,False,False,True,overall_edited_deletion,LEFT_NO_DETECTED,RIGHT_NO_DETECTED,DELETION_EDITING,False,NHEJ
51,TGTGTTCGTTTTTCTTCAGTGCTATTTCTTCACAATCGAGTTTGGCCTTTGCAAGCAAGAAGGGCAACTGCGGGCATATGGAGCAGGACTCCTTTCCTCCATTGGAGAATTAAAGGTATGAAGCTGTGAATGAAAATACCCTTCCCATGCAAACTGGTTCAAGGTCAGGGAAAATATTGATTTGTTTGTCTGAGCATTTCTACTCACAGATACTCCATAAATATTTAACATAGAGGATTTGGCACCTCGGATGTGGGTGCCGACCTCACTTTTCGCACTTGTGA,TGTGTTCGTTTTTCTTCAGTGCTATTTCTTCACAATCGAGTTTGGCCTTTGCAAGCAAGAAGGGCAACTGCGGGCATATGGAGCAGGACTCCTTTCCTCCATTGGAGAATTAAAGGTATGAAGCTGTGAATGAAAATACCCTTCCCATGCAAACTGGTTCAAGGTCAGGGAAAATATTGATTTGTTTGTCTGAGCATTTCTACTCACAGATACTCCATAAATATTTAACATAGAGGATTTGGCACCTCGGATGTGGGTGCCGACCTCACTTTTCGCACTTGTGAAA,False,True,False,0,0,0,7,0.2586844050258684,True,False,False,GGGCATATGGAGCAGGACTCCTTTCCTCCATTGGAGAATTAAAGGTATGAAGCTGTGA,True,0,0,0,0,0.0,0.0,False,False,False,,False,False,,False,False,,False,False,,False,0,0,0,0,0,0,False,0,0,0,0,0,0,False,no_inout_indicators,False,False,False,no_leftinout_indicators,False,False,False,no_rightinout_indicators,False,False,False,no_leftinout_rc_indicators,False,False,False,no_rightinout_rc_indicators,False,False,False,False,untreated,LEFT_NO_DETECTED,RIGHT_NO_DETECTED,UNTREATED,False,Unmodified
67,TGTGTTCGTTTTTCTTCAGTGCTATTTCTTCACAATCGAGTTTGGCCTTTGCAAGCAAGAAGGGCAACTGCGGGCATATGGAGCAGGACTCCTTTCCTCCATTGGAGAATTAAAGGTATGAAGCTGTGAATGAAAATACCCTTCCCATGCAAACTGGTTCAAGGTCAGGGAAAATATTTATTTGTTTGTCTGAGCATTTCTACTCACAGATACTCCATAAATATTTAACATAGAGGATTTGGCACCTCGGATGTGGGTGCCGACCTCACTTTTCGCACTTGTGAAA,TGTGTTCGTTTTTCTTCAGTGCTATTTCTTCACAATCGAGTTTGGCCTTTGCAAGCAAGAAGGGCAACTGCGGGCATATGGAGCAGGACTCCTTTCCTCCATTGGAGAATTAAAGGTATGAAGCTGTGAATGAAAATACCCTTCCCATGCAAACTGGTTCAAGGTCAGGGAAAATATTGATTTGTTTGTCTGAGCATTTCTACTCACAGATACTCCATAAATATTTAACATAGAGGATTTGGCACCTCGGATGTGGGTGCCGACCTCACTTTTCGCACTTGTGAAA,False,True,False,0,0,0,5,0.18477457501847747,True,False,False,GGGCATATGGAGCAGGACTCCTTTCCTCCATTGGAGAATTAAAGGTATGAAGCTGTGA,True,0,0,0,0,0.0,0.0,False,False,False,,False,False,,False,False,,False,False,,False,0,0,0,0,0,0,False,0,0,0,0,0,0,False,no_inout_indicators,False,False,False,no_leftinout_indicators,False,False,False,no_rightinout_indicators,False,False,False,no_leftinout_rc_indicators,False,False,False,no_rightinout_rc_indicators,False,False,False,False,untreated,LEFT_NO_DETECTED,RIGHT_NO_DETECTED,UNTREATED,False,Unmodified
86,TGTGTTCGTTTTTCTTCAGTGCTATTTCTTCACAATCGAGTTTGGCCTTTGCAAGCAAGAAGGGCAACTGCGGGCATATGGAGCAGGACTCCTTTCCTCCATCGGAGAATTAAAGGTATGAAGCTGTGAATGAAAATACCCTTCCCATGCAAACTGGTTCAAGGTCAGGGAAAATATTGATTTGTTTGTCTGAGCATTTCTACTCACAGATACTCCATAAATATTTAACATAGAGGATTTGGCACCTCGGATGTGGGTGCCGACCTCACTTTTCGCACTTGTGAAA,TGTGTTCGTTTTTCTTCAGTGCTATTTCTTCACAATCGAGTTTGGCCTTTGCAAGCAAGAAGGGCAACTGCGGGCATATGGAGCAGGACTCCTTTCCTCCATTGGAGAATTAAAGGTATGAAGCTGTGAATGAAAATACCCTTCCCATGCAAACTGGTTCAAGGTCAGGGAAAATATTGATTTGTTTGTCTGAGCATTTCTACTCACAGATACTCCATAAATATTTAACATAGAGGATTTGGCACCTCGGATGTGGGTGCCGACCTCACTTTTCGCACTTGTGAAA,False,True,False,0,0,0,4,0.14781966001478195,True,False,False,GGGCATATGGAGCAGGACTCCTTTCCTCCATCGGAGAATTAAAGGTATGAAGCTGTGA,True,0,0,0,0,0.0,0.0,False,False,False,,False,False,,False,False,,False,False,,False,0,0,0,0,0,0,False,0,0,0,0,0,0,False,no_inout_indicators,False,False,False,no_leftinout_indicators,False,False,False,no_rightinout_indicators,False,False,False,no_leftinout_rc_indicators,False,False,False,no_rightinout_rc_indicators,False,False,False,False,untreated,LEFT_NO_DETECTED,RIGHT_NO_DETECTED,UNTREATED,False,Unmodified
94,GTGTTCGTTTTTCTTCAGTGCTATTTCTTCACAATCGAGTTTGGCCTTTGCAAGCAAGAGGGCAACTGCGGGCATATGGAGCAGGACTCCTTTCCTCCATTGGAGAATTAAAGGTATGAAGCTGTGAATGAAAATACCCTTCCCATGCAAACTGGTTCAAGGTCAGGGAAAATATTGATTTGTTTGTCTGAGCATTTCTACTCACAGATACTCCATAAATATTTAACATAGAGGATTTGGCACCTCGGATGTGGGTGCCGACCTCACTTTTCGCACTTGTGAAA,TGTGTTCGTTTTTCTTCAGTGCTATTTCTTCACAATCGAGTTTGGCCTTTGCAAGCAAGAAGGGCAACTGCGGGCATATGGAGCAGGACTCCTTTCCTCCATTGGAGAATTAAAGGTATGAAGCTGTGAATGAAAATACCCTTCCCATGCAAACTGGTTCAAGGTCAGGGAAAATATTGATTTGTTTGTCTGAGCATTTCTACTCACAGATACTCCATAAATATTTAACATAGAGGATTTGGCACCTCGGATGTGGGTGCCGACCTCACTTTTCGCACTTGTGAAA,False,True,False,0,0,0,3,0.11086474501108648,True,False,False,GGGCATATGGAGCAGGACTCCTTTCCTCCATTGGAGAATTAAAGGTATGAAGCTGTGA,True,0,0,0,0,0.0,0.0,False,False,False,,False,False,,False,False,,False,False,,False,0,0,0,0,0,0,False,0,0,0,0,0,0,False,no_inout_indicators,False,False,False,no_leftinout_indicators,False,False,False,no_rightinout_indicators,False,False,False,no_leftinout_rc_indicators,False,False,False,no_rightinout_rc_indicators,False,False,False,False,untreated,LEFT_NO_DETECTED,RIGHT_NO_DETECTED,UNTREATED,False,Unmodified
111,TGTGTTCGTTTTTCTTCAGTGCTATTTCTTCACAATCGAGTTTGGCCTTTGCAAGCAAGAAGGGCAACTGCGGGCATATGGAGCAGGACTCCTTTCCTCCATTGGAGAATTAAAGGTATGAAGCTGTGAATGAAAATACCCTTCCCATGCAAACTGGTTCAAGGTCAGGGAAAATATTGATTTGTTTGTC,TGTGTTCGTTTTTCTTCAGTGCTATTTCTTCACAATCGAGTTTGGCCTTTGCAAGCAAGAAGGGCAACTGCGGGCATATGGAGCAGGACTCCTTTCCTCCATTGGAGAATTAAAGGTATGAAGCTGTGAATGAAAATACCCTTCCCATGCAAACTGGTTCAAGGTCAGGGAAAATATTGATTTGTTTGTCTGAGCATTTCTACTCACAGATACTCCATAAATATTTAACATAGAGGATTTGGCACCTCGGATGTGGGTGCCGACCTCACTTTTCGCACTTGTGAAA,False,True,False,0,0,0,3,0.11086474501108648,True,False,False,GGGCATATGGAGCAGGACTCCTTTCCTCCATTGGAGAATTAAAGGTATGAAGCTGTGA,True,0,0,0,0,0.0,0.0,False,False,False,,False,False,,False,False,,False,False,,False,0,0,0,0,0,0,False,0,0,0,0,0,0,False,no_inout_indicators,False,False,False,no_leftinout_indicators,False,False,False,no_rightinout_indicators,False,False,False,no_leftinout_rc_indicators,False,False,False,no_rightinout_rc_indicators,False,False,False,False,untreated,LEFT_NO_DETECTED,RIGHT_NO_DETECTED,UNTREATED,False,Unmodified
114,TGTGTTCGTTTTTCTTCAGTGCTATTTCTTCACAATCGAGTTTGGCCTTTGCAAGCAAGAAGGGCAACTGCGGGCATATGGAGCAGGACTCCTTTCCTCCATTGGAGAATTAAAGGTATGAAGCTGTGAATGAAAATACCCTTCCCATGCAAACTGGTTCAAGGTCAGGGAAAATATTGATTTGTTTGTCTGAGCATTTCTACTCACAGATACTCCATAAATATTTAACATAGAGGATTTGGCACCTCGGATGTGGGTGCCGACCTCACTTTTCGCACTTGT,TGTGTTCGTTTTTCTTCAGTGCTATTTCTTCACAATCGAGTTTGGCCTTTGCAAGCAAGAAGGGCAACTGCGGGCATATGGAGCAGGACTCCTTTCCTCCATTGGAGAATTAAAGGTATGAAGCTGTGAATGAAAATACCCTTCCCATGCAAACTGGTTCAAGGTCAGGGAAAATATTGATTTGTTTGTCTGAGCATTTCTACTCACAGATACTCCATAAATATTTAACATAGAGGATTTGGCACCTCGGATGTGGGTGCCGACCTCACTTTTCGCACTTGTGAAA,False,True,False,0,0,0,3,0.11086474501108648,True,False,False,GGGCATATGGAGCAGGACTCCTTTCCTCCATTGGAGAATTAAAGGTATGAAGCTGTGA,True,0,0,0,0,0.0,0.0,False,False,False,,False,False,,False,False,,False,False,,False,0,0,0,0,0,0,False,0,0,0,0,0,0,False,no_inout_indicators,False,False,False,no_leftinout_indicators,False,False,False,no_rightinout_indicators,False,False,False,no_leftinout_rc_indicators,False,False,False,no_rightinout_rc_indicators,False,False,False,False,untreated,LEFT_NO_DETECTED,RIGHT_NO_DETECTED,UNTREATED,False,Unmodified
117,TGTTCGTTTTTCTTCAGTGCTATTTCTTCACAATCGAGTTTGGCCTTTGCAAGCAAGAAGGGCAACTGCGGGCATATGGAGCAGGACTCCTTTCCTCCATTGGAGAATTAAAGGTATGAAGCTGTGAATGAAAATACCCTTCCCATGCAAACTGGTTCAAGGTCAGGGAAAATATTGATTTGTTTGTCTGAGCATTTCTACTCACAGATACTCCATAAATATTTAACATAGAGGATTTGGCACCTCGGATGTGGGTGCCGACCTCACTTTTCGCACTTGTGAAA,TGTGTTCGTTTTTCTTCAGTGCTATTTCTTCACAATCGAGTTTGGCCTTTGCAAGCAAGAAGGGCAACTGCGGGCATATGGAGCAGGACTCCTTTCCTCCATTGGAGAATTAAAGGTATGAAGCTGTGAATGAAAATACCCTTCCCATGCAAACTGGTTCAAGGTCAGGGAAAATATTGATTTGTTTGTCTGAGCATTTCTACTCACAGATACTCCATAAATATTTAACATAGAGGATTTGGCACCTCGGATGTGGGTGCCGACCTCACTTTTCGCACTTGTGAAA,False,True,False,0,0,0,2,0.07390983000739099,True,False,False,GGGCATATGGAGCAGGACTCCTTTCCTCCATTGGAGAATTAAAGGTATGAAGCTGTGA,True,0,0,0,0,0.0,0.0,False,False,False,,False,False,,False,False,,False,False,,False,0,0,0,0,0,0,False,0,0,0,0,0,0,False,no_inout_indicators,False,False,False,no_leftinout_indicators,False,False,False,no_rightinout_indicators,False,False,False,no_leftinout_rc_indicators,False,False,False,no_rightinout_rc_indicators,False,False,False,False,untreated,LEFT_NO_DETECTED,RIGHT_NO_DETECTED,UNTREATED,False,Unmodified
135,TGTGTTCGTTTTTCTTCAGTGCTATTTCTTCACAATCGAGTTTGGCCTTTGCAAGCAAGAAGGGCAACTGCGGGCATATGGAGCAGGACTCCTTTCCTCCATTGGAGAATTAAAGGTATGAAGCTGTGAATGAAAATACCCTTCCCATGCAAACTGGTTCATGGTCAGGGAAAATATTGATTTGTTTGTCTGAGCATTTCTACTCACAGATACTCCATAAATATTTAACATAGAGGATTTGGCACCTCGGATGTGGGTGCCGACCTCACTTTTCGCACTTGTGAAA,TGTGTTCGTTTTTCTTCAGTGCTATTTCTTCACAATCGAGTTTGGCCTTTGCAAGCAAGAAGGGCAACTGCGGGCATATGGAGCAGGACTCCTTTCCTCCATTGGAGAATTAAAGGTATGAAGCTGTGAATGAAAATACCCTTCCCATGCAAACTGGTTCAAGGTCAGGGAAAATATTGATTTGTTTGTCTGAGCATTTCTACTCACAGATACTCCATAAATATTTAACATAGAGGATTTGGCACCTCGGATGTGGGTGCCGACCTCACTTTTCGCACTTGTGAAA,False,True,False,0,0,0,2,0.07390983000739099,True,False,False,GGGCATATGGAGCAGGACTCCTTTCCTCCATTGGAGAATTAAAGGTATGAAGCTGTGA,True,0,0,0,0,0.0,0.0,False,False,False,,False,False,,False,False,,False,False,,False,0,0,0,0,0,0,False,0,0,0,0,0,0,False,no_inout_indicators,False,False,False,no_leftinout_indicators,False,False,False,no_rightinout_indicators,False,False,False,no_leftinout_rc_indicators,False,False,False,no_rightinout_rc_indicators,False,False,False,False,untreated,LEFT_NO_DETECTED,RIGHT_NO_DETECTED,UNTREATED,False,Unmodified
145,GTGTTCGTTTTTCTTCAGTGCTATTTCTTCACAATCGAGTTTGGCCTTTGCAAGCAAGAAGGGCAACTGCGGGCATATGGAGCAGGACTCCTTTCCTCCATTGGAGAATTAAAGGTATGAAGCTGTGAATGAAAATACCCTTCCCATGCAAACTGGTTCAAGGTCAGGGAAAATATTGATTTGTTTGTCTGAGCATTTCTACTCACAGATACTCCATAAATATTTAACATAGAGGATTTGGCACCTCGGATGTGGGTGCCGACCTCACTTTTCGCACTTG,TGTGTTCGTTTTTCTTCAGTGCTATTTCTTCACAATCGAGTTTGGCCTTTGCAAGCAAGAAGGGCAACTGCGGGCATATGGAGCAGGACTCCTTTCCTCCATTGGAGAATTAAAGGTATGAAGCTGTGAATGAAAATACCCTTCCCATGCAAACTGGTTCAAGGTCAGGGAAAATATTGATTTGTTTGTCTGAGCATTTCTACTCACAGATACTCCATAAATATTTAACATAGAGGATTTGGCACCTCGGATGTGGGTGCCGACCTCACTTTTCGCACTTGTGAAA,False,True,False,0,0,0,2,0.07390983000739099,True,False,False,GGGCATATGGAGCAGGACTCCTTTCCTCCATTGGAGAATTAAAGGTATGAAGCTGTGA,True,0,0,0,0,0.0,0.0,False,False,False,,False,False,,False,False,,False,False,,False,0,0,0,0,0,0,False,0,0,0,0,0,0,False,no_inout_indicators,False,False,False,no_leftinout_indicators,False,False,False,no_rightinout_indicators,False,False,False,no_leftinout_rc_indicators,False,False,False,no_rightinout_rc_indicators,False,False,False,False,untreated,LEFT_NO_DETECTED,RIGHT_NO_DETECTED,UNTREATED,False,Unmodified
147,TGTGTTCGTTTTTCTTCAGTGCTATTTCTTCACAATCGAGTTTGGCCTTTGCAAGCAAGAAGGGCAACTGCGGGCATATGGAGCAGGACTCCTTTCCTCCATTGGAGAATTAAAGGTATGAAGCTGTGAATGAAAATACCCTTCCCATGCAAACTGGTTCAAGGTCAGGGAAAATATTGATTTGTTTGTCTGAGCATTTCTACTCACAGATACTCCATAAATATTTAACATAGAGGATTTGGCACCTCGGATGTGGGTGCCGACCTCACTTTTCGCACTTGTG,TGTGTTCGTTTTTCTTCAGTGCTATTTCTTCACAATCGAGTTTGGCCTTTGCAAGCAAGAAGGGCAACTGCGGGCATATGGAGCAGGACTCCTTTCCTCCATTGGAGAATTAAAGGTATGAAGCTGTGAATGAAAATACCCTTCCCATGCAAACTGGTTCAAGGTCAGGGAAAATATTGATTTGTTTGTCTGAGCATTTCTACTCACAGATACTCCATAAATATTTAACATAGAGGATTTGGCACCTCGGATGTGGGTGCCGACCTCACTTTTCGCACTTGTGAAA,False,True,False,0,0,0,2,0.07390983000739099,True,False,False,GGGCATATGGAGCAGGACTCCTTTCCTCCATTGGAGAATTAAAGGTATGAAGCTGTGA,True,0,0,0,0,0.0,0.0,False,False,False,,False,False,,False,False,,False,False,,False,0,0,0,0,0,0,False,0,0,0,0,0,0,False,no_inout_indicators,False,False,False,no_leftinout_indicators,False,False,False,no_rightinout_indicators,False,False,False,no_leftinout_rc_indicators,False,False,False,no_rightinout_rc_indicators,False,False,False,False,untreated,LEFT_NO_DETECTED,RIGHT_NO_DETECTED,UNTREATED,False,Unmodified
155,TGTGTTCGTTTTTCTTCAGTGCTATTTCTTCACAATCGAGTTTGGCCTTTGCAAGCAAGAAGGGCAACTGCGGGCATATGGAGCAGGACTCCTTTCCTCCATGGAGAATTAAAGGTATGAAGCTGTGAATGAAAATACCCTTCCCATGCAAACTGGTTCAAGGTCAGGGAAAATATTGATTTGTTTGTCTGAGCATTTCTACTCACAGATACTCCATAAATATTTAACATAGAGGATTTGGCACCTCTGATGTGGGTGCCGACCTCACTTTTCGCACTTGTGAAA,TGTGTTCGTTTTTCTTCAGTGCTATTTCTTCACAATCGAGTTTGGCCTTTGCAAGCAAGAAGGGCAACTGCGGGCATATGGAGCAGGACTCCTTTCCTCCATTGGAGAATTAAAGGTATGAAGCTGTGAATGAAAATACCCTTCCCATGCAAACTGGTTCAAGGTCAGGGAAAATATTGATTTGTTTGTCTGAGCATTTCTACTCACAGATACTCCATAAATATTTAACATAGAGGATTTGGCACCTCGGATGTGGGTGCCGACCTCACTTTTCGCACTTGTGAAA,False,True,False,0,0,0,2,0.07390983000739099,True,False,False,GGGCATATGGAGCAGGACTCCTTTCCTCCATGGAGAATTAAAGGTATGAAGCTGTGA,False,48,27,48,71,0.5408163265306123,0.9464285714285714,False,False,False,,False,False,,False,False,,False,False,,False,0,0,0,0,0,0,False,0,0,0,0,0,0,False,no_inout_indicators,False,False,False,no_leftinout_indicators,False,False,False,no_rightinout_indicators,False,False,False,no_leftinout_rc_indicators,False,False,False,no_rightinout_rc_indicators,True,False,False,True,overall_edited_deletion,LEFT_NO_DETECTED,RIGHT_NO_DETECTED,DELETION_EDITING,False,NHEJ
159,TGTGTTCGTTTTTCTTCAGTGCTATTTCTTCACAATCGAGTTTGGCCTTTGCAAGCAAGAAGGGCAACTGCGGGCATATGGAGCAGGACTCCTTTCCTCCATTGGGGAATTAAAGGTATGAAGCTGTGAATGAAAATACCCTTCCCATGCAAACTGGTTCAAGGTCAGGGAAAATATTGATTTGTTTGTCTGAGCATTTCTACTCACAGATACTCCATAAATATTTAACATAGAGGATTTGGCACCTCGGATGTGGGTGCCGACCTCACTTTTCGCACTTGTGAAA,TGTGTTCGTTTTTCTTCAGTGCTATTTCTTCACAATCGAGTTTGGCCTTTGCAAGCAAGAAGGGCAACTGCGGGCATATGGAGCAGGACTCCTTTCCTCCATTGGAGAATTAAAGGTATGAAGCTGTGAATGAAAATACCCTTCCCATGCAAACTGGTTCAAGGTCAGGGAAAATATTGATTTGTTTGTCTGAGCATTTCTACTCACAGATACTCCATAAATATTTAACATAGAGGATTTGGCACCTCGGATGTGGGTGCCGACCTCACTTTTCGCACTTGTGAAA,False,True,False,0,0,0,2,0.07390983000739099,True,False,False,GGGCATATGGAGCAGGACTCCTTTCCTCCATTGGGGAATTAAAGGTATGAAGCTGTGA,True,0,0,0,0,0.0,0.0,False,False,False,,False,False,,False,False,,False,False,,False,0,0,0,0,0,0,False,0,0,0,0,0,0,False,no_inout_indicators,False,False,False,no_leftinout_indicators,False,False,False,no_rightinout_indicators,False,False,False,no_leftinout_rc_indicators,False,False,False,no_rightinout_rc_indicators,False,False,False,False,untreated,LEFT_NO_DETECTED,RIGHT_NO_DETECTED,UNTREATED,False,Unmodified
162,TGTGTTCGTTTTTCTTCAGTGCTATTTCTTCACAATCGAGTTTGGCCTTTGCAAGCAAGAAGGGCAACTGCGGGCATATGGAGCAGGACTCCTTTCTCCATTGGAGAATTAAAGGTATGAAGCTGTGAATGAAAATACCCTTCCCATGCAAACTGGTTCAAGGTCAGGGAAAATATTGATTTGTTTGTCTGAGCATTTCTACTCACAGATACTCCATAAATATTTAACATAGAGGATTTGGCACCTCGGATGTGGGTGCCGACCTCACTTTTCGCACTT,TGTGTTCGTTTTTCTTCAGTGCTATTTCTTCACAATCGAGTTTGGCCTTTGCAAGCAAGAAGGGCAACTGCGGGCATATGGAGCAGGACTCCTTTCCTCCATTGGAGAATTAAAGGTATGAAGCTGTGAATGAAAATACCCTTCCCATGCAAACTGGTTCAAGGTCAGGGAAAATATTGATTTGTTTGTCTGAGCATTTCTACTCACAGATACTCCATAAATATTTAACATAGAGGATTTGGCACCTCGGATGTGGGTGCCGACCTCACTTTTCGCACTTGTGAAA,False,True,False,0,0,0,2,0.07390983000739099,True,False,False,GGGCATATGGAGCAGGACTCCTTTCTCCATTGGAGAATTAAAGGTATGAAGCTGTGA,False,41,30,41,68,0.5357142857142857,0.9516129032258065,False,False,False,,False,False,,False,False,,False,False,,False,0,0,0,0,0,0,False,0,0,0,0,0,0,False,no_inout_indicators,False,False,False,no_leftinout_indicators,False,False,False,no_rightinout_indicators,False,False,False,no_leftinout_rc_indicators,False,False,False,no_rightinout_rc_indicators,True,False,False,True,overall_edited_deletion,LEFT_NO_DETECTED,RIGHT_NO_DETECTED,DELETION_EDITING,False,NHEJ
164,TGTGTTCGTTTTTCTTCAGTGCTCTTTCTTCACAATCGAGTTTGGCCTTTGCAAGCAAGAAGGGCAACTGCGGGCATATGGAGCAGGACTCCTTTCCTCCATTGGAGAATTAAAGGTATGAAGCTGTGAATGAAAATACCCTTCCCATGCAAACTGGTTCAAGGTCAGGGAAAATATTGATTTGTTTGTCTGAGCATTTCTACTCACAGATACTCCATAAATATTTAACATAGAGGATTTGGCACCTCGGATGTGGGTGCCGACCTCACTTTTCGCAC,TGTGTTCGTTTTTCTTCAGTGCTATTTCTTCACAATCGAGTTTGGCCTTTGCAAGCAAGAAGGGCAACTGCGGGCATATGGAGCAGGACTCCTTTCCTCCATTGGAGAATTAAAGGTATGAAGCTGTGAATGAAAATACCCTTCCCATGCAAACTGGTTCAAGGTCAGGGAAAATATTGATTTGTTTGTCTGAGCATTTCTACTCACAGATACTCCATAAATATTTAACATAGAGGATTTGGCACCTCGGATGTGGGTGCCGACCTCACTTTTCGCACTTGTGAAA,False,True,False,0,0,0,1,0.036954915003695486,True,False,False,GGGCATATGGAGCAGGACTCCTTTCCTCCATTGGAGAATTAAAGGTATGAAGCTGTGA,True,0,0,0,0,0.0,0.0,False,False,False,,False,False,,False,False,,False,False,,False,0,0,0,0,0,0,False,0,0,0,0,0,0,False,no_inout_indicators,False,False,False,no_leftinout_indicators,False,False,False,no_rightinout_indicators,False,False,False,no_leftinout_rc_indicators,False,False,False,no_rightinout_rc_indicators,False,False,False,False,untreated,LEFT_NO_DETECTED,RIGHT_NO_DETECTED,UNTREATED,False,Unmodified
179,TGTGTTCGTTTTTCTTCAGTGCTATTTCTACACAATCGAGTTTGGCCTTTGCAAGCAAGAAGGGCAACTGCGGGCATATGGAGCAGGACTCCTTTCCTCCATTGGAGAATTAAAGGTATGAAGCTGTGAATGAAAATACCCTTCCCATGCAAACTGGTTCAAGGTCAGGGAAAATAGTGATTTGTTTGTCTGAGCATTTCTACTCACAGATACTCCATAAATATTTAACATAGAGGATTTGGCACCTCGGATGTGGGTGCCGACCTCACTTTTCGCACTTGTGAAA,TGTGTTCGTTTTTCTTCAGTGCTATTTCTTCACAATCGAGTTTGGCCTTTGCAAGCAAGAAGGGCAACTGCGGGCATATGGAGCAGGACTCCTTTCCTCCATTGGAGAATTAAAGGTATGAAGCTGTGAATGAAAATACCCTTCCCATGCAAACTGGTTCAAGGTCAGGGAAAATATTGATTTGTTTGTCTGAGCATTTCTACTCACAGATACTCCATAAATATTTAACATAGAGGATTTGGCACCTCGGATGTGGGTGCCGACCTCACTTTTCGCACTTGTGAAA,False,True,False,0,0,0,1,0.036954915003695486,True,False,False,GGGCATATGGAGCAGGACTCCTTTCCTCCATTGGAGAATTAAAGGTATGAAGCTGTGA,True,0,0,0,0,0.0,0.0,False,False,False,,False,False,,False,False,,False,False,,False,0,0,0,0,0,0,False,0,0,0,0,0,0,False,no_inout_indicators,False,False,False,no_leftinout_indicators,False,False,False,no_rightinout_indicators,False,False,False,no_leftinout_rc_indicators,False,False,False,no_rightinout_rc_indicators,False,False,False,False,untreated,LEFT_NO_DETECTED,RIGHT_NO_DETECTED,UNTREATED,False,Unmodified
180,TGTGTTCGTTTTTCTTCAGTGCTATTTCTTCACAATCGAGTTTGGCCTTTGCAAGCAAGAAGGGCAACTGCGGGCATATGGAGCAGGACTCCTTTCCTCCATTGGAGAATTAAAGGTATGAAGCTGTGAATGAAAATACCCGTCCCATGCAAACTGGTTCAAGGTCAGGGAAAATATTGATTTGTTTGTCTGAGCATTTCTACTCACAGATACTCCATAAATATTTAACATAGAGGATTTGGCACCTCGGATGTGGGTGCCGACCTCACTGTTCGCACTTGTGAAA,TGTGTTCGTTTTTCTTCAGTGCTATTTCTTCACAATCGAGTTTGGCCTTTGCAAGCAAGAAGGGCAACTGCGGGCATATGGAGCAGGACTCCTTTCCTCCATTGGAGAATTAAAGGTATGAAGCTGTGAATGAAAATACCCTTCCCATGCAAACTGGTTCAAGGTCAGGGAAAATATTGATTTGTTTGTCTGAGCATTTCTACTCACAGATACTCCATAAATATTTAACATAGAGGATTTGGCACCTCGGATGTGGGTGCCGACCTCACTTTTCGCACTTGTGAAA,False,True,False,0,0,0,1,0.036954915003695486,True,False,False,GGGCATATGGAGCAGGACTCCTTTCCTCCATTGGAGAATTAAAGGTATGAAGCTGTGA,True,0,0,0,0,0.0,0.0,False,False,False,,False,False,,False,False,,False,False,,False,0,0,0,0,0,0,False,0,0,0,0,0,0,False,no_inout_indicators,False,False,False,no_leftinout_indicators,False,False,False,no_rightinout_indicators,False,False,False,no_leftinout_rc_indicators,False,False,False,no_rightinout_rc_indicators,False,False,False,False,untreated,LEFT_NO_DETECTED,RIGHT_NO_DETECTED,UNTREATED,False,Unmodified
194,TGTGTTCGTTTTTCTTCAGTGCTATTTCTTCACAATCGAGTTTGGCCTTTGCAAGCAAGAAGGGCAACTGCGGGCATATGGAGCAGGACTCCTTTCCTCCATTGGAGAATTAAAGGTATGAAGCTGTGAATGAAAATACCCTTCCCATGCAAACTGGTTCAAGGTCAGGGAAAATATTGATTTGTTTGTCTGAGCATTTCTACTCACAGATACTCCATAAATATTTAACATAGAGGATTTGGCACCTCGGATGTGGGTGCCGACCACACTTTTCGCACTTGTGAAA,TGTGTTCGTTTTTCTTCAGTGCTATTTCTTCACAATCGAGTTTGGCCTTTGCAAGCAAGAAGGGCAACTGCGGGCATATGGAGCAGGACTCCTTTCCTCCATTGGAGAATTAAAGGTATGAAGCTGTGAATGAAAATACCCTTCCCATGCAAACTGGTTCAAGGTCAGGGAAAATATTGATTTGTTTGTCTGAGCATTTCTACTCACAGATACTCCATAAATATTTAACATAGAGGATTTGGCACCTCGGATGTGGGTGCCGACCTCACTTTTCGCACTTGTGAAA,False,True,False,0,0,0,1,0.036954915003695486,True,False,False,GGGCATATGGAGCAGGACTCCTTTCCTCCATTGGAGAATTAAAGGTATGAAGCTGTGA,True,0,0,0,0,0.0,0.0,False,False,False,,False,False,,False,False,,False,False,,False,0,0,0,0,0,0,False,0,0,0,0,0,0,False,no_inout_indicators,False,False,False,no_leftinout_indicators,False,False,False,no_rightinout_indicators,False,False,False,no_leftinout_rc_indicators,False,False,False,no_rightinout_rc_indicators,False,False,False,False,untreated,LEFT_NO_DETECTED,RIGHT_NO_DETECTED,UNTREATED,False,Unmodified
198,GTGTTCGTTTTTCTTCAGTGATATTTCTTCACAATCGAGTTTGGCCTTTGCAAGCAAGAAGGGCAACTGCGGGCATATGGAGCAGGACTCCTTTCCTCCATTGGAGAATTAAAGGTATGAAGCTGTGAATGAAAATACCCTTCCCATGCAAACTGGTTCAAGGTCAGGGAAAATATTGATTTGTTTGTCTGAGCATTTCTACTCACAGATACTCCATAAATATTTAACATAGAGGATTTGGCACCTCGGATGTGGGTGCCGACCTCACTTTTCGCACTTGTGAAA,TGTGTTCGTTTTTCTTCAGTGCTATTTCTTCACAATCGAGTTTGGCCTTTGCAAGCAAGAAGGGCAACTGCGGGCATATGGAGCAGGACTCCTTTCCTCCATTGGAGAATTAAAGGTATGAAGCTGTGAATGAAAATACCCTTCCCATGCAAACTGGTTCAAGGTCAGGGAAAATATTGATTTGTTTGTCTGAGCATTTCTACTCACAGATACTCCATAAATATTTAACATAGAGGATTTGGCACCTCGGATGTGGGTGCCGACCTCACTTTTCGCACTTGTGAAA,False,True,False,0,0,0,1,0.036954915003695486,True,False,False,GGGCATATGGAGCAGGACTCCTTTCCTCCATTGGAGAATTAAAGGTATGAAGCTGTGA,True,0,0,0,0,0.0,0.0,False,False,False,,False,False,,False,False,,False,False,,False,0,0,0,0,0,0,False,0,0,0,0,0,0,False,no_inout_indicators,False,False,False,no_leftinout_indicators,False,False,False,no_rightinout_indicators,False,False,False,no_leftinout_rc_indicators,False,False,False,no_rightinout_rc_indicators,False,False,False,False,untreated,LEFT_NO_DETECTED,RIGHT_NO_DETECTED,UNTREATED,False,Unmodified
199,TGAGTTAGTTATTCTTCAGTGCTATTTCTTCACAATCGAGTTTGGCCTTTGCAAGCAAGAAGGGCAACTGCGGGCATATGGAGCAGGACTCCTTTCCTCCATTGGAGAATTAAAGGTATGAAGCTGTGAATGAAAATACCCTTCCCATGCCAACTGGTTCAAGGTCAGGGAAAATATTGATTTGTTTGTCTGAGCATTTCTACTCACAGATAATCCATAAATATTTAACATAGAGGATTTGGCACCTCGGATGTGGGTGCCGACCTCACTTTTCGCACTTGTGAA,TGTGTTCGTTTTTCTTCAGTGCTATTTCTTCACAATCGAGTTTGGCCTTTGCAAGCAAGAAGGGCAACTGCGGGCATATGGAGCAGGACTCCTTTCCTCCATTGGAGAATTAAAGGTATGAAGCTGTGAATGAAAATACCCTTCCCATGCAAACTGGTTCAAGGTCAGGGAAAATATTGATTTGTTTGTCTGAGCATTTCTACTCACAGATACTCCATAAATATTTAACATAGAGGATTTGGCACCTCGGATGTGGGTGCCGACCTCACTTTTCGCACTTGTGAAA,False,True,False,0,0,0,1,0.036954915003695486,True,False,False,GGGCATATGGAGCAGGACTCCTTTCCTCCATTGGAGAATTAAAGGTATGAAGCTGTGA,True,0,0,0,0,0.0,0.0,False,False,False,,False,False,,False,False,,False,False,,False,0,0,0,0,0,0,False,0,0,0,0,0,0,False,no_inout_indicators,False,False,False,no_leftinout_indicators,False,False,False,no_rightinout_indicators,False,False,False,no_leftinout_rc_indicators,False,False,False,no_rightinout_rc_indicators,False,False,False,False,untreated,LEFT_NO_DETECTED,RIGHT_NO_DETECTED,UNTREATED,False,Unmodified
200,TGTGTTCGTTTTTCTTCAGTGCTATTTCTTCACAATCGAGTTTGGCCTTTGCAAGCAAGAAGGGCAACTGCGGGCATATGGAGCAGGACTCCTTTCCTCCATTGGAGAATTAAAGGTATGAAGCTGTGAATGAAAATACCCTTCCCATGCAAACTGGTTCAAGGTCAGGGAAAATATTGGTTTGTTTGTCTGAGCATTTCTACTCACAGATACTCCATAAATATTTAACATAGAGGATTTGGCACCTCGGATGTGGGTGCCGACCTCACTTTTCGCACTTGTGAAA,TGTGTTCGTTTTTCTTCAGTGCTATTTCTTCACAATCGAGTTTGGCCTTTGCAAGCAAGAAGGGCAACTGCGGGCATATGGAGCAGGACTCCTTTCCTCCATTGGAGAATTAAAGGTATGAAGCTGTGAATGAAAATACCCTTCCCATGCAAACTGGTTCAAGGTCAGGGAAAATATTGATTTGTTTGTCTGAGCATTTCTACTCACAGATACTCCATAAATATTTAACATAGAGGATTTGGCACCTCGGATGTGGGTGCCGACCTCACTTTTCGCACTTGTGAAA,False,True,False,0,0,0,1,0.036954915003695486,True,False,False,GGGCATATGGAGCAGGACTCCTTTCCTCCATTGGAGAATTAAAGGTATGAAGCTGTGA,True,0,0,0,0,0.0,0.0,False,False,False,,False,False,,False,False,,False,False,,False,0,0,0,0,0,0,False,0,0,0,0,0,0,False,no_inout_indicators,False,False,False,no_leftinout_indicators,False,False,False,no_rightinout_indicators,False,False,False,no_leftinout_rc_indicators,False,False,False,no_rightinout_rc_indicators,False,False,False,False,untreated,LEFT_NO_DETECTED,RIGHT_NO_DETECTED,UNTREATED,False,Unmodified
201,TGTGTTCGTTTTTCTTCAGTGCTATTTCTTCACAATAGAGTTTGGCCTTTGCAAGCAAGAAGGGCAACTGCGGGCATATGGAGCAGGACTCCTTTCCTCCATTGGAGAATTAAAGGTATGAAGCTGTGAATGAAAATACCCTTCCCATGCAAACTGGTTCAAGGTCAGGGAAAATATTGATTTGTTTGTCTGAGCATTTCTACTCACAGATACTCCATAAATATTTAACATAGAGGATTTGGCACCTCGGATGTGGGTGCCGACCTCACTTTTCGCACTTGTGAAA,TGTGTTCGTTTTTCTTCAGTGCTATTTCTTCACAATCGAGTTTGGCCTTTGCAAGCAAGAAGGGCAACTGCGGGCATATGGAGCAGGACTCCTTTCCTCCATTGGAGAATTAAAGGTATGAAGCTGTGAATGAAAATACCCTTCCCATGCAAACTGGTTCAAGGTCAGGGAAAATATTGATTTGTTTGTCTGAGCATTTCTACTCACAGATACTCCATAAATATTTAACATAGAGGATTTGGCACCTCGGATGTGGGTGCCGACCTCACTTTTCGCACTTGTGAAA,False,True,False,0,0,0,1,0.036954915003695486,True,False,False,GGGCATATGGAGCAGGACTCCTTTCCTCCATTGGAGAATTAAAGGTATGAAGCTGTGA,True,0,0,0,0,0.0,0.0,False,False,False,,False,False,,False,False,,False,False,,False,0,0,0,0,0,0,False,0,0,0,0,0,0,False,no_inout_indicators,False,False,False,no_leftinout_indicators,False,False,False,no_rightinout_indicators,False,False,False,no_leftinout_rc_indicators,False,False,False,no_rightinout_rc_indicators,False,False,False,False,untreated,LEFT_NO_DETECTED,RIGHT_NO_DETECTED,UNTREATED,False,Unmodified
203,TGTGTTCGTTTTTCTTCAGTGCTATTTCTTCACAATCGAGTTTGGCCTTTGCAAGCAAGAAGGGCAACTGCGGGCATATTGAGCAGGACTCCTTTCCTCCATTGGAGAATTAAAGGTATGAAGCTGTTAATGAAAATACTCTTACCATGCAAACTGGTTCAAGGTCAGGGAAAATATTGATTTGTTTGTCTGATCATTTCTACTCACAGATACTCCATAAATATTTAACATAGAGGATTTGTCACATCGGTTGTGGGTGCCGACCTCACTTTTCGCACTTGTGTAA,TGTGTTCGTTTTTCTTCAGTGCTATTTCTTCACAATCGAGTTTGGCCTTTGCAAGCAAGAAGGGCAACTGCGGGCATATGGAGCAGGACTCCTTTCCTCCATTGGAGAATTAAAGGTATGAAGCTGTGAATGAAAATACCCTTCCCATGCAAACTGGTTCAAGGTCAGGGAAAATATTGATTTGTTTGTCTGAGCATTTCTACTCACAGATACTCCATAAATATTTAACATAGAGGATTTGGCACCTCGGATGTGGGTGCCGACCTCACTTTTCGCACTTGTGAAA,False,True,False,0,0,0,1,0.036954915003695486,False,False,False,,,0,0,0,0,0.0,0.0,False,False,False,,False,False,,False,False,,False,False,,False,0,0,0,0,0,0,False,0,0,0,0,0,0,False,no_outout_indicators,False,False,False,no_leftinout_indicators,False,False,False,no_rightinout_indicators,False,False,False,no_leftinout_rc_indicators,False,False,False,no_rightinout_rc_indicators,False,False,False,False,unidentified,LEFT_NO_DETECTED,RIGHT_NO_DETECTED,OTHERS,False,Unclassified
208,TGTGTTCGTTTTTCTTCAGTGCTATTTCTTCACAATCGAGTTTGGCCTTTGCAAGCAAGAAGGGCAACTGCGGGCATATGGAGCAGGACTCCTTTCCTCCATTGGAGAATTAAAGGTATGAAGCTGTGAATGAAAATACCCTTCCCATGCAAACTGGTTCAAGGTCAGGGAAAATATTGATTTGTTGGTCTGAGCATTTCTACTCACAGATACTCCATAAATATTTAACATAGCGGATTTGGCACCTCGGATGTGGGTGCCGACCTCACCTTTCGCACTTGTGAAACCCGATGCCCACAAGACCCAAAGCCCACTGGCAGGGATGAGGAGAGGGGTGGAGGGTTTAGTGGGAGATGTTGCAAGGCTAGTGCTAGTGGTTGAAAGGTCTGAAACATTTCCAGGTGACAGGCTAGGCTTCAAGGTT,TGTGTTCGTTTTTCTTCAGTGCTATTTCTTCACAATCGAGTTTGGCCTTTGCAAGCAAGAAGGGCAACTGCGGGCATATGGAGCAGGACTCCTTTCCTCCATTGGAGAATTAAAGGTATGAAGCTGTGAATGAAAATACCCTTCCCATGCAAACTGGTTCAAGGTCAGGGAAAATATTGATTTGTTTGTCTGAGCATTTCTACTCACAGATACTCCATAAATATTTAACATAGAGGATTTGGCACCTCGGATGTGGGTGCCGACCTCACTTTTCGCACTTGTGAAA,False,True,False,0,0,0,1,0.036954915003695486,True,False,False,GGGCATATGGAGCAGGACTCCTTTCCTCCATTGGAGAATTAAAGGTATGAAGCTGTGA,True,0,0,0,0,0.0,0.0,False,False,False,,False,False,,False,False,,False,False,,False,0,0,0,0,0,0,False,0,0,0,0,0,0,False,no_inout_indicators,False,False,False,no_leftinout_indicators,False,False,False,no_rightinout_indicators,False,False,False,no_leftinout_rc_indicators,False,False,False,no_rightinout_rc_indicators,False,False,False,False,untreated,LEFT_NO_DETECTED,RIGHT_NO_DETECTED,UNTREATED,False,Unmodified
216,GTGTTCGTTTTTCTTCAGTGCTATTTCTTCACAATCGAGTTTGGCCTTTGCAAGCAAGAAGGGCAACTGCGGGCATATGGAGCAGGACTCCTTTCCTCCATCGGAGAATTAAAGGTATGAAGCTGTGAATGAAAATACCCTTCCCATGCAAACTGGTTCAAGGTCAGGGAAAATATTGATTTGTTTGTCTGAGCATTTCTACTCACAGATACTCCATAAATATTTAACATAGAGGATTTGGCACCTCGGATGTGGGTGCCGACCTCACTTTTCGCACTTGTGAAA,TGTGTTCGTTTTTCTTCAGTGCTATTTCTTCACAATCGAGTTTGGCCTTTGCAAGCAAGAAGGGCAACTGCGGGCATATGGAGCAGGACTCCTTTCCTCCATTGGAGAATTAAAGGTATGAAGCTGTGAATGAAAATACCCTTCCCATGCAAACTGGTTCAAGGTCAGGGAAAATATTGATTTGTTTGTCTGAGCATTTCTACTCACAGATACTCCATAAATATTTAACATAGAGGATTTGGCACCTCGGATGTGGGTGCCGACCTCACTTTTCGCACTTGTGAAA,False,True,False,0,0,0,1,0.036954915003695486,True,False,False,GGGCATATGGAGCAGGACTCCTTTCCTCCATCGGAGAATTAAAGGTATGAAGCTGTGA,True,0,0,0,0,0.0,0.0,False,False,False,,False,False,,False,False,,False,False,,False,0,0,0,0,0,0,False,0,0,0,0,0,0,False,no_inout_indicators,False,False,False,no_leftinout_indicators,False,False,False,no_rightinout_indicators,False,False,False,no_leftinout_rc_indicators,False,False,False,no_rightinout_rc_indicators,False,False,False,False,untreated,LEFT_NO_DETECTED,RIGHT_NO_DETECTED,UNTREATED,False,Unmodified
224,TGTGTTCGTTTTTCTTCAGTGCTATTTCTTCACAATCGAGTTTGGCCTTTGCAAGCAAGAAGGGCAACTGCGGGCATATGGAGCAGGACTCCTTTCCTCCATTGGAGAATTAAAGGTATGAAGCTGTGAATGAAAATACCCTTCCCATGCAAACTGGTTCAAGGTCAGGGAAAATATTGATTTGTTTGTCTGAGCATTTCTACTCACAGATACTCCATAAATATTTAACATAGAGGATTTGGCACCTCGGATGTGGGTGCCGACCTCACTTTTCGCACT,TGTGTTCGTTTTTCTTCAGTGCTATTTCTTCACAATCGAGTTTGGCCTTTGCAAGCAAGAAGGGCAACTGCGGGCATATGGAGCAGGACTCCTTTCCTCCATTGGAGAATTAAAGGTATGAAGCTGTGAATGAAAATACCCTTCCCATGCAAACTGGTTCAAGGTCAGGGAAAATATTGATTTGTTTGTCTGAGCATTTCTACTCACAGATACTCCATAAATATTTAACATAGAGGATTTGGCACCTCGGATGTGGGTGCCGACCTCACTTTTCGCACTTGTGAAA,False,True,False,0,0,0,1,0.036954915003695486,True,False,False,GGGCATATGGAGCAGGACTCCTTTCCTCCATTGGAGAATTAAAGGTATGAAGCTGTGA,True,0,0,0,0,0.0,0.0,False,False,False,,False,False,,False,False,,False,False,,False,0,0,0,0,0,0,False,0,0,0,0,0,0,False,no_inout_indicators,False,False,False,no_leftinout_indicators,False,False,False,no_rightinout_indicators,False,False,False,no_leftinout_rc_indicators,False,False,False,no_rightinout_rc_indicators,False,False,False,False,untreated,LEFT_NO_DETECTED,RIGHT_NO_DETECTED,UNTREATED,False,Unmodified
230,TGTGTTCGTTTTTCTTCAGTGCTATTTCTTCACAATCGAGTTTGGCCTTTGCAAGCAAGAAGGGCAACTGCGGGCATATGGAGCAGGACTCCTTTCCTCCATTGGAGAATTAAAGGTATGAAGCTGTGAATGAAAATACCCTTCCCATGCAAACTGGTTCAAGGTCAGGGAAAATATTGATTTGTTTGTCTGAGCATTTCTACTCACAGATACTCCATAAATATTTAACATAGAGGATTTGGCACCTCTGATGTGGGTGCCGACCTCACTTTTCGCACTTGTGAAA,TGTGTTCGTTTTTCTTCAGTGCTATTTCTTCACAATCGAGTTTGGCCTTTGCAAGCAAGAAGGGCAACTGCGGGCATATGGAGCAGGACTCCTTTCCTCCATTGGAGAATTAAAGGTATGAAGCTGTGAATGAAAATACCCTTCCCATGCAAACTGGTTCAAGGTCAGGGAAAATATTGATTTGTTTGTCTGAGCATTTCTACTCACAGATACTCCATAAATATTTAACATAGAGGATTTGGCACCTCGGATGTGGGTGCCGACCTCACTTTTCGCACTTGTGAAA,False,True,False,0,0,0,1,0.036954915003695486,True,False,False,GGGCATATGGAGCAGGACTCCTTTCCTCCATTGGAGAATTAAAGGTATGAAGCTGTGA,True,0,0,0,0,0.0,0.0,False,False,False,,False,False,,False,False,,False,False,,False,0,0,0,0,0,0,False,0,0,0,0,0,0,False,no_inout_indicators,False,False,False,no_leftinout_indicators,False,False,False,no_rightinout_indicators,False,False,False,no_leftinout_rc_indicators,False,False,False,no_rightinout_rc_indicators,False,False,False,False,untreated,LEFT_NO_DETECTED,RIGHT_NO_DETECTED,UNTREATED,False,Unmodified
231,TGTGTTCGTTTTTCTTCAGTGCTATTTCTTCACAATCGAGTTTGGCCTTTGCAAGCAAGAAGGGCAACTGCGGGCATATGGAGCAGGACTCCTTTCCTCCATGGAGAATTAAAGGTATGAAGCTGTGAATGAAAATACCCTTCCCATGCAAACTGGTTCAAGGTCAGGGAAAATATTGATTTGTTTGTCTGAGCATTTCTACTCACAGATACTCCATAAATATTTAACATAGATGATTTGGCACCTCGGATGTGGGTGCCGACCTCACTTTTCGCACTTGTGAAA,TGTGTTCGTTTTTCTTCAGTGCTATTTCTTCACAATCGAGTTTGGCCTTTGCAAGCAAGAAGGGCAACTGCGGGCATATGGAGCAGGACTCCTTTCCTCCATTGGAGAATTAAAGGTATGAAGCTGTGAATGAAAATACCCTTCCCATGCAAACTGGTTCAAGGTCAGGGAAAATATTGATTTGTTTGTCTGAGCATTTCTACTCACAGATACTCCATAAATATTTAACATAGAGGATTTGGCACCTCGGATGTGGGTGCCGACCTCACTTTTCGCACTTGTGAAA,False,True,False,0,0,0,1,0.036954915003695486,True,False,False,GGGCATATGGAGCAGGACTCCTTTCCTCCATGGAGAATTAAAGGTATGAAGCTGTGA,False,48,27,48,71,0.5408163265306123,0.9464285714285714,False,False,False,,False,False,,False,False,,False,False,,False,0,0,0,0,0,0,False,0,0,0,0,0,0,False,no_inout_indicators,False,False,False,no_leftinout_indicators,False,False,False,no_rightinout_indicators,False,False,False,no_leftinout_rc_indicators,False,False,False,no_rightinout_rc_indicators,True,False,False,True,overall_edited_deletion,LEFT_NO_DETECTED,RIGHT_NO_DETECTED,DELETION_EDITING,False,NHEJ
234,TGTGTTCGTTTTTCTTCAGTGCTATTTCTTCACAATCGAGTTTGGCCTTTGCAAGGAAGAAGGGCAACTGCGGGCATATGGAGCAGGACTCCTTTCCTCCATTGGAGAATTAAAGGTATGAAGCTGTGAATGAAAATACCCTTCCCATGCAAACTGGTTCAAGGTCAGGGAAAATATTGATTTGTTTGTCTGAGCATTTCTACTCACAGATACTCCATAAATATTTAACATAGAGGATTTGGCACCTCGGATGTGGGTGCCGACCTCACTTTTCGCACTTGTGAAA,TGTGTTCGTTTTTCTTCAGTGCTATTTCTTCACAATCGAGTTTGGCCTTTGCAAGCAAGAAGGGCAACTGCGGGCATATGGAGCAGGACTCCTTTCCTCCATTGGAGAATTAAAGGTATGAAGCTGTGAATGAAAATACCCTTCCCATGCAAACTGGTTCAAGGTCAGGGAAAATATTGATTTGTTTGTCTGAGCATTTCTACTCACAGATACTCCATAAATATTTAACATAGAGGATTTGGCACCTCGGATGTGGGTGCCGACCTCACTTTTCGCACTTGTGAAA,False,True,False,0,0,0,1,0.036954915003695486,True,False,False,GGGCATATGGAGCAGGACTCCTTTCCTCCATTGGAGAATTAAAGGTATGAAGCTGTGA,True,0,0,0,0,0.0,0.0,False,False,False,,False,False,,False,False,,False,False,,False,0,0,0,0,0,0,False,0,0,0,0,0,0,False,no_inout_indicators,False,False,False,no_leftinout_indicators,False,False,False,no_rightinout_indicators,False,False,False,no_leftinout_rc_indicators,False,False,False,no_rightinout_rc_indicators,False,False,False,False,untreated,LEFT_NO_DETECTED,RIGHT_NO_DETECTED,UNTREATED,False,Unmodified
238,TGTGTTCGTTTTTCTTCAGTGCTATTTCTTCACAATCGAGTTTGGCCTTTGCAAGCCAGAAGGGCAACTGCGGGCATATGGAGCAGGACTCCTTTCCTCCATTGGAGAATTAAAGGTATGAAGCTGTGAATGAAAATACCCTTCCCATGCAAACTGGTTCAAGGTCAGGGAAAATATTGATTTGTTTGTCTGAGCATTTCTACTCACAGATACTCCATAAATATTTAACATAGAGGATTTGGCACCTCGGATGTGGGTGCCGACCTCACTTTTCGCACTTGTGAAA,TGTGTTCGTTTTTCTTCAGTGCTATTTCTTCACAATCGAGTTTGGCCTTTGCAAGCAAGAAGGGCAACTGCGGGCATATGGAGCAGGACTCCTTTCCTCCATTGGAGAATTAAAGGTATGAAGCTGTGAATGAAAATACCCTTCCCATGCAAACTGGTTCAAGGTCAGGGAAAATATTGATTTGTTTGTCTGAGCATTTCTACTCACAGATACTCCATAAATATTTAACATAGAGGATTTGGCACCTCGGATGTGGGTGCCGACCTCACTTTTCGCACTTGTGAAA,False,True,False,0,0,0,1,0.036954915003695486,True,False,False,GGGCATATGGAGCAGGACTCCTTTCCTCCATTGGAGAATTAAAGGTATGAAGCTGTGA,True,0,0,0,0,0.0,0.0,False,False,False,,False,False,,False,False,,False,False,,False,0,0,0,0,0,0,False,0,0,0,0,0,0,False,no_inout_indicators,False,False,False,no_leftinout_indicators,False,False,False,no_rightinout_indicators,False,False,False,no_leftinout_rc_indicators,False,False,False,no_rightinout_rc_indicators,False,False,False,False,untreated,LEFT_NO_DETECTED,RIGHT_NO_DETECTED,UNTREATED,False,Unmodified
239,TGTGTTCGTTTTTCTTCAGTGCTATTTCTTCACAATCGAGTTTGGCCTTTGCAAGCAAGAAGGGCAACTGCGGGCATATGGAGCAGGACTCCTTTCCTCCATTGGAGAATTAAAGGTATGAAGCTGTGAATGAAAATACCCTTCCCATGCACACTGGTTCAAGGTCAGGGAAAATATTGATTTGTTTGTCTGAGCATTTCTACTCACAGATACTCCATAAATATTTAACATAGAGGATTTGGCACCTCGGATGTGGGTGCCGACCTCACTTTTCGCACTTGTGAAA,TGTGTTCGTTTTTCTTCAGTGCTATTTCTTCACAATCGAGTTTGGCCTTTGCAAGCAAGAAGGGCAACTGCGGGCATATGGAGCAGGACTCCTTTCCTCCATTGGAGAATTAAAGGTATGAAGCTGTGAATGAAAATACCCTTCCCATGCAAACTGGTTCAAGGTCAGGGAAAATATTGATTTGTTTGTCTGAGCATTTCTACTCACAGATACTCCATAAATATTTAACATAGAGGATTTGGCACCTCGGATGTGGGTGCCGACCTCACTTTTCGCACTTGTGAAA,False,True,False,0,0,0,1,0.036954915003695486,True,False,False,GGGCATATGGAGCAGGACTCCTTTCCTCCATTGGAGAATTAAAGGTATGAAGCTGTGA,True,0,0,0,0,0.0,0.0,False,False,False,,False,False,,False,False,,False,False,,False,0,0,0,0,0,0,False,0,0,0,0,0,0,False,no_inout_indicators,False,False,False,no_leftinout_indicators,False,False,False,no_rightinout_indicators,False,False,False,no_leftinout_rc_indicators,False,False,False,no_rightinout_rc_indicators,False,False,False,False,untreated,LEFT_NO_DETECTED,RIGHT_NO_DETECTED,UNTREATED,False,Unmodified
240,TGTGTTCGTTTTTCTTCAGTGCTATTTCTTCACAATCGAGTTTGGCCTTTGCAAGCAAGAAGGGCAACTGCGGGCATATGGAGCAGGACTCCTTTCCTCCATTGGAGAATTAAAGGTATGAAGCTGTGAATGAAAATACCCTTCCCATGCAAACTGGTTCAAGGTCAGGGAAAATATTGATTTGTTTGTCTGAGCATTTCTACTCACAGATACTCCATAAATATTTAACATAGAGTATTTGGCACCTCGGATGTGGGTGCCGACCTCACTTTTCGCACTTGTGAAA,TGTGTTCGTTTTTCTTCAGTGCTATTTCTTCACAATCGAGTTTGGCCTTTGCAAGCAAGAAGGGCAACTGCGGGCATATGGAGCAGGACTCCTTTCCTCCATTGGAGAATTAAAGGTATGAAGCTGTGAATGAAAATACCCTTCCCATGCAAACTGGTTCAAGGTCAGGGAAAATATTGATTTGTTTGTCTGAGCATTTCTACTCACAGATACTCCATAAATATTTAACATAGAGGATTTGGCACCTCGGATGTGGGTGCCGACCTCACTTTTCGCACTTGTGAAA,False,True,False,0,0,0,1,0.036954915003695486,True,False,False,GGGCATATGGAGCAGGACTCCTTTCCTCCATTGGAGAATTAAAGGTATGAAGCTGTGA,True,0,0,0,0,0.0,0.0,False,False,False,,False,False,,False,False,,False,False,,False,0,0,0,0,0,0,False,0,0,0,0,0,0,False,no_inout_indicators,False,False,False,no_leftinout_indicators,False,False,False,no_rightinout_indicators,False,False,False,no_leftinout_rc_indicators,False,False,False,no_rightinout_rc_indicators,False,False,False,False,untreated,LEFT_NO_DETECTED,RIGHT_NO_DETECTED,UNTREATED,False,Unmodified
243,TGTGTTCGTTTTTCTTCAGTGCTATTTCTTCACAATCGAGTTTGGCCTTTGCAAGCAAGAAGGGCAACTGTGGGCATATGGAGCAGGACTCCTTTCCTCCATTGGAGAATTAAAGGTATGAAGCTGTGAATGAAAATACCCTTCCCATGCAAACTGGTTCAAGGTCAGGGAAAATATTGATTTGTTTGTCTGAGCATTTCTACTCACAGATACTCCATAAATATTTAACATAGAGGATTTGGCACCTCGGATGTGGGTGCCGACCTCACTTTTCGCACTTGTGAAA,TGTGTTCGTTTTTCTTCAGTGCTATTTCTTCACAATCGAGTTTGGCCTTTGCAAGCAAGAAGGGCAACTGCGGGCATATGGAGCAGGACTCCTTTCCTCCATTGGAGAATTAAAGGTATGAAGCTGTGAATGAAAATACCCTTCCCATGCAAACTGGTTCAAGGTCAGGGAAAATATTGATTTGTTTGTCTGAGCATTTCTACTCACAGATACTCCATAAATATTTAACATAGAGGATTTGGCACCTCGGATGTGGGTGCCGACCTCACTTTTCGCACTTGTGAAA,False,True,False,0,0,0,1,0.036954915003695486,True,False,False,GGGCATATGGAGCAGGACTCCTTTCCTCCATTGGAGAATTAAAGGTATGAAGCTGTGA,True,0,0,0,0,0.0,0.0,False,False,False,,False,False,,False,False,,False,False,,False,0,0,0,0,0,0,False,0,0,0,0,0,0,False,no_inout_indicators,False,False,False,no_leftinout_indicators,False,False,False,no_rightinout_indicators,False,False,False,no_leftinout_rc_indicators,False,False,False,no_rightinout_rc_indicators,False,False,False,False,untreated,LEFT_NO_DETECTED,RIGHT_NO_DETECTED,UNTREATED,False,Unmodified
250,GTGTTCGTTTTTCTTCAGTGCTATTTCTTCACAATCGAGTTTGGCCTTTGCAAGCAAGAAGGGCAACTGCGGGCATATGGAGCAGGACTCCTTTCTCCATTGGAGAATTAAAGGTATGAAGCTGTGAATGAAAATACCCTTCCCATGCAAACTGGTTCAAGGTCAGGGAAAATATTGATTTGTTTGTCTGAGCATTTCTACTCACAGATACTCCATAAATATTTAACATAGAGGATTTGGCACCTCGGATGTGGGTGCCGACCTCACTTTTCGCACTTGTGAAA,TGTGTTCGTTTTTCTTCAGTGCTATTTCTTCACAATCGAGTTTGGCCTTTGCAAGCAAGAAGGGCAACTGCGGGCATATGGAGCAGGACTCCTTTCCTCCATTGGAGAATTAAAGGTATGAAGCTGTGAATGAAAATACCCTTCCCATGCAAACTGGTTCAAGGTCAGGGAAAATATTGATTTGTTTGTCTGAGCATTTCTACTCACAGATACTCCATAAATATTTAACATAGAGGATTTGGCACCTCGGATGTGGGTGCCGACCTCACTTTTCGCACTTGTGAAA,False,True,False,0,0,0,1,0.036954915003695486,True,False,False,GGGCATATGGAGCAGGACTCCTTTCTCCATTGGAGAATTAAAGGTATGAAGCTGTGA,False,41,30,41,68,0.5357142857142857,0.9516129032258065,False,False,False,,False,False,,False,False,,False,False,,False,0,0,0,0,0,0,False,0,0,0,0,0,0,False,no_inout_indicators,False,False,False,no_leftinout_indicators,False,False,False,no_rightinout_indicators,False,False,False,no_leftinout_rc_indicators,False,False,False,no_rightinout_rc_indicators,True,False,False,True,overall_edited_deletion,LEFT_NO_DETECTED,RIGHT_NO_DETECTED,DELETION_EDITING,False,NHEJ
252,TGTGTTCGTTTTTCTTCAGTGCTATTTCTTCACAATCGAGTTTGGCCTTTGCAATCAAGAAGGGCAACTGCGGGCATATGGAGCAGGACTCCTTTCCTCCATTGGAGAATTAAAGGTATGAAGCTGTGAATGAAAATACCCTTCCCATGCAAACTGGTTCAAGGTCAGGGAAAATATTGATTTGTTTGTCTGAGCATTTCTACTCACAGATACTCCATAAATATTTAACATAGAGGATTTGGCACCTCGGTTGTGGGTGCCGACCTCACTTTTGGCACTTGTGTAA,TGTGTTCGTTTTTCTTCAGTGCTATTTCTTCACAATCGAGTTTGGCCTTTGCAAGCAAGAAGGGCAACTGCGGGCATATGGAGCAGGACTCCTTTCCTCCATTGGAGAATTAAAGGTATGAAGCTGTGAATGAAAATACCCTTCCCATGCAAACTGGTTCAAGGTCAGGGAAAATATTGATTTGTTTGTCTGAGCATTTCTACTCACAGATACTCCATAAATATTTAACATAGAGGATTTGGCACCTCGGATGTGGGTGCCGACCTCACTTTTCGCACTTGTGAAA,False,True,False,0,0,0,1,0.036954915003695486,True,False,False,GGGCATATGGAGCAGGACTCCTTTCCTCCATTGGAGAATTAAAGGTATGAAGCTGTGA,True,0,0,0,0,0.0,0.0,False,False,False,,False,False,,False,False,,False,False,,False,0,0,0,0,0,0,False,0,0,0,0,0,0,False,no_inout_indicators,False,False,False,no_leftinout_indicators,False,False,False,no_rightinout_indicators,False,False,False,no_leftinout_rc_indicators,False,False,False,no_rightinout_rc_indicators,False,False,False,False,untreated,LEFT_NO_DETECTED,RIGHT_NO_DETECTED,UNTREATED,False,Unmodified
256,GTGTTCGTTATTCTTCAGTGCTATTACTTAACAATCGAGTTTGGACATTGCAAGCAAGAAGGGCAACTGCGGGCATATGGAGCAGGACTCCTTTCCTCCATTGGAGAATTAAAGGTATGAAGCTGTGAATGAAAATACCCTTACCATGCACACTGGTTCAAGGTCAGGGAAAATATTGATTTGTTTGTCTGAGCATTTCTACTCACAGATACTCAATAAATATTTAAAATAGAGGATTTGGAACCTCGGATGTGGGTTCCGACCTCACTTTTCGCACTTGTGAAA,TGTGTTCGTTTTTCTTCAGTGCTATTTCTTCACAATCGAGTTTGGCCTTTGCAAGCAAGAAGGGCAACTGCGGGCATATGGAGCAGGACTCCTTTCCTCCATTGGAGAATTAAAGGTATGAAGCTGTGAATGAAAATACCCTTCCCATGCAAACTGGTTCAAGGTCAGGGAAAATATTGATTTGTTTGTCTGAGCATTTCTACTCACAGATACTCCATAAATATTTAACATAGAGGATTTGGCACCTCGGATGTGGGTGCCGACCTCACTTTTCGCACTTGTGAAA,False,True,False,0,0,0,1,0.036954915003695486,True,False,False,GGGCATATGGAGCAGGACTCCTTTCCTCCATTGGAGAATTAAAGGTATGAAGCTGTGA,True,0,0,0,0,0.0,0.0,False,False,False,,False,False,,False,False,,False,False,,False,0,0,0,0,0,0,False,0,0,0,0,0,0,False,no_inout_indicators,False,False,False,no_leftinout_indicators,False,False,False,no_rightinout_indicators,False,False,False,no_leftinout_rc_indicators,False,False,False,no_rightinout_rc_indicators,False,False,False,False,untreated,LEFT_NO_DETECTED,RIGHT_NO_DETECTED,UNTREATED,False,Unmodified
257,TGTGTTCGTTTTTCTTCAGTGCTATTTCTTCACAATCGAGTTTGGCCTTTGCAAGCAAGAAGGGCAACCGCGGGCATATGGAGCAGGACTCCTTTCCTCCATTGGAGAATTAAAGGTATGAAGCTGTGAATGAAAATACCCTTCCCATGCAAACTGGTTCAAGGTCAGGGAAAATATTGATTTGTTTGTCTGAGCATTTCTACTCACAGATACTCCATAAATATTTAACATAGAGGATTTGGCACCTCGGATGTGGGTGCCGACCTCACTTTTCGCACTTGTGAAA,TGTGTTCGTTTTTCTTCAGTGCTATTTCTTCACAATCGAGTTTGGCCTTTGCAAGCAAGAAGGGCAACTGCGGGCATATGGAGCAGGACTCCTTTCCTCCATTGGAGAATTAAAGGTATGAAGCTGTGAATGAAAATACCCTTCCCATGCAAACTGGTTCAAGGTCAGGGAAAATATTGATTTGTTTGTCTGAGCATTTCTACTCACAGATACTCCATAAATATTTAACATAGAGGATTTGGCACCTCGGATGTGGGTGCCGACCTCACTTTTCGCACTTGTGAAA,False,True,False,0,0,0,1,0.036954915003695486,True,False,False,GGGCATATGGAGCAGGACTCCTTTCCTCCATTGGAGAATTAAAGGTATGAAGCTGTGA,True,0,0,0,0,0.0,0.0,False,False,False,,False,False,,False,False,,False,False,,False,0,0,0,0,0,0,False,0,0,0,0,0,0,False,no_inout_indicators,False,False,False,no_leftinout_indicators,False,False,False,no_rightinout_indicators,False,False,False,no_leftinout_rc_indicators,False,False,False,no_rightinout_rc_indicators,False,False,False,False,untreated,LEFT_NO_DETECTED,RIGHT_NO_DETECTED,UNTREATED,False,Unmodified
258,TGTGTTCGTTTTTCTTCAGTGCTATTTCTTCACAATCGAGTTTGGCCTTTGCAAGCAAGAAGGGCAACTGCGGGCATATGGAGCAGGACTCCTTTCCTCCATTGGAGAATTAAAGGTATGAAGCTGTGAATGAAAATACCCTTCCCATGCAAACTGGTTCAAGGTCAGGGAAAATATTGATTTGTTTGTCTGAGCATTTCTACTCACAGATACTCCATAGATATTTAACATAGAGGATTTGGCACCTCGGATGTGGGTGCCGACCTCACTTTTCGCACTTGTGAAA,TGTGTTCGTTTTTCTTCAGTGCTATTTCTTCACAATCGAGTTTGGCCTTTGCAAGCAAGAAGGGCAACTGCGGGCATATGGAGCAGGACTCCTTTCCTCCATTGGAGAATTAAAGGTATGAAGCTGTGAATGAAAATACCCTTCCCATGCAAACTGGTTCAAGGTCAGGGAAAATATTGATTTGTTTGTCTGAGCATTTCTACTCACAGATACTCCATAAATATTTAACATAGAGGATTTGGCACCTCGGATGTGGGTGCCGACCTCACTTTTCGCACTTGTGAAA,False,True,False,0,0,0,1,0.036954915003695486,True,False,False,GGGCATATGGAGCAGGACTCCTTTCCTCCATTGGAGAATTAAAGGTATGAAGCTGTGA,True,0,0,0,0,0.0,0.0,False,False,False,,False,False,,False,False,,False,False,,False,0,0,0,0,0,0,False,0,0,0,0,0,0,False,no_inout_indicators,False,False,False,no_leftinout_indicators,False,False,False,no_rightinout_indicators,False,False,False,no_leftinout_rc_indicators,False,False,False,no_rightinout_rc_indicators,False,False,False,False,untreated,LEFT_NO_DETECTED,RIGHT_NO_DETECTED,UNTREATED,False,Unmodified
259,TGTGTTCGTTTTTCTTCAGTGCTATTTCTTAACAATCGAGTTTGGCCTTTGCAAGCAAGAAGGGCAACTGCGGGCATATGGAGCAGGACTCCTTTCCTCCATTGGAGAATTAAAGGTATGAAGCTGTGAATGAAAATACCCTTCCCATGCAAACTGGTTCAAGGTCAGGGAAAATATTGATTTGTTTGTCTGAGCATTTCTACTCACAGATACTCCATAAATATTTAACATAGAGGATTTGGCACCTCGGATGTGGGTGCCGACCTCACTTTTCGCACTTGTGAAA,TGTGTTCGTTTTTCTTCAGTGCTATTTCTTCACAATCGAGTTTGGCCTTTGCAAGCAAGAAGGGCAACTGCGGGCATATGGAGCAGGACTCCTTTCCTCCATTGGAGAATTAAAGGTATGAAGCTGTGAATGAAAATACCCTTCCCATGCAAACTGGTTCAAGGTCAGGGAAAATATTGATTTGTTTGTCTGAGCATTTCTACTCACAGATACTCCATAAATATTTAACATAGAGGATTTGGCACCTCGGATGTGGGTGCCGACCTCACTTTTCGCACTTGTGAAA,False,True,False,0,0,0,1,0.036954915003695486,True,False,False,GGGCATATGGAGCAGGACTCCTTTCCTCCATTGGAGAATTAAAGGTATGAAGCTGTGA,True,0,0,0,0,0.0,0.0,False,False,False,,False,False,,False,False,,False,False,,False,0,0,0,0,0,0,False,0,0,0,0,0,0,False,no_inout_indicators,False,False,False,no_leftinout_indicators,False,False,False,no_rightinout_indicators,False,False,False,no_leftinout_rc_indicators,False,False,False,no_rightinout_rc_indicators,False,False,False,False,untreated,LEFT_NO_DETECTED,RIGHT_NO_DETECTED,UNTREATED,False,Unmodified
261,TGTGTTCGTTTTTCTTCAGTGCTATTTCTTCACAATCGAGTTTGGCCTTTGCAAGCAAGAAGGGCAACTGCGGGCATATGGAGCAGGACTCCTTTCCTCCATTGGAGAATTAAAGGTATTAAGCTGTGAATGAAAATACCCTTCCCATGCAAACTGGTTCAAGGTCAGGGAAAATATTGATTTGTTTGTCTGAGCATTTCTACTCACAGATACTCCATAAATATTTAACATAGAGGATTTGGCACCTCGGATGTGGGTGCCGACCTCACTTTTCGCACTTGTGAAA,TGTGTTCGTTTTTCTTCAGTGCTATTTCTTCACAATCGAGTTTGGCCTTTGCAAGCAAGAAGGGCAACTGCGGGCATATGGAGCAGGACTCCTTTCCTCCATTGGAGAATTAAAGGTATGAAGCTGTGAATGAAAATACCCTTCCCATGCAAACTGGTTCAAGGTCAGGGAAAATATTGATTTGTTTGTCTGAGCATTTCTACTCACAGATACTCCATAAATATTTAACATAGAGGATTTGGCACCTCGGATGTGGGTGCCGACCTCACTTTTCGCACTTGTGAAA,False,True,False,0,0,0,1,0.036954915003695486,True,False,False,GGGCATATGGAGCAGGACTCCTTTCCTCCATTGGAGAATTAAAGGTATTAAGCTGTGA,True,0,0,0,0,0.0,0.0,False,False,False,,False,False,,False,False,,False,False,,False,0,0,0,0,0,0,False,0,0,0,0,0,0,False,no_inout_indicators,False,False,False,no_leftinout_indicators,False,False,False,no_rightinout_indicators,False,False,False,no_leftinout_rc_indicators,False,False,False,no_rightinout_rc_indicators,False,False,False,False,untreated,LEFT_NO_DETECTED,RIGHT_NO_DETECTED,UNTREATED,False,Unmodified
263,GTGTTCGTTTTTCTTCAGTGCTATTTCTTCACAATCGAGTTTGGCCTTTGCAAGCAAGAAGGGCAACTGCGGGCATATGGAGCAGGACTCCTTTCCTCCACTGGAGAATTAAAGGTATGAAGCTGTGAATGAAAATACCCTTCCCATGCAAACTGGTTCAAGGTCAGGGAAAATATTGATTTGTTTGTCTGAGCATTTCTACTCACAGATACTCCATAAATATTTAACATAGAGGATTTGGCACCTCGGATGTGGGTGCCGACCTCACTTTTCGCACTTGTGAAA,TGTGTTCGTTTTTCTTCAGTGCTATTTCTTCACAATCGAGTTTGGCCTTTGCAAGCAAGAAGGGCAACTGCGGGCATATGGAGCAGGACTCCTTTCCTCCATTGGAGAATTAAAGGTATGAAGCTGTGAATGAAAATACCCTTCCCATGCAAACTGGTTCAAGGTCAGGGAAAATATTGATTTGTTTGTCTGAGCATTTCTACTCACAGATACTCCATAAATATTTAACATAGAGGATTTGGCACCTCGGATGTGGGTGCCGACCTCACTTTTCGCACTTGTGAAA,False,True,False,0,0,0,1,0.036954915003695486,True,False,False,GGGCATATGGAGCAGGACTCCTTTCCTCCACTGGAGAATTAAAGGTATGAAGCTGTGA,True,0,0,0,0,0.0,0.0,False,False,False,,False,False,,False,False,,False,False,,False,0,0,0,0,0,0,False,0,0,0,0,0,0,False,no_inout_indicators,False,False,False,no_leftinout_indicators,False,False,False,no_rightinout_indicators,False,False,False,no_leftinout_rc_indicators,False,False,False,no_rightinout_rc_indicators,False,False,False,False,untreated,LEFT_NO_DETECTED,RIGHT_NO_DETECTED,UNTREATED,False,Unmodified
284,TGTGTTCGTTTTTCTTCAGTGCTATTTCTTCACAATCGAGTTTGGCCTTTGCAAGCAAGAAGGGCAACTGCGGGCATATGGAGCAGGACTCCTTTCCTCCATTGGAGAATTAAAGGTATGAAGCTGTGAATGAAAATACCCTTCCCATGCAAACTGGTTCAAGGTCAGGGAAAATATTGATTTGTTTGTCTGAGCATTTCTACTCACAGATACTCCATAAATATTTAAGATAGAGGATTTGGCACCTCGGATGTGGGTGCCGACCTCACTTTTCGCACTTGTGAAA,TGTGTTCGTTTTTCTTCAGTGCTATTTCTTCACAATCGAGTTTGGCCTTTGCAAGCAAGAAGGGCAACTGCGGGCATATGGAGCAGGACTCCTTTCCTCCATTGGAGAATTAAAGGTATGAAGCTGTGAATGAAAATACCCTTCCCATGCAAACTGGTTCAAGGTCAGGGAAAATATTGATTTGTTTGTCTGAGCATTTCTACTCACAGATACTCCATAAATATTTAACATAGAGGATTTGGCACCTCGGATGTGGGTGCCGACCTCACTTTTCGCACTTGTGAAA,False,True,False,0,0,0,1,0.036954915003695486,True,False,False,GGGCATATGGAGCAGGACTCCTTTCCTCCATTGGAGAATTAAAGGTATGAAGCTGTGA,True,0,0,0,0,0.0,0.0,False,False,False,,False,False,,False,False,,False,False,,False,0,0,0,0,0,0,False,0,0,0,0,0,0,False,no_inout_indicators,False,False,False,no_leftinout_indicators,False,False,False,no_rightinout_indicators,False,False,False,no_leftinout_rc_indicators,False,False,False,no_rightinout_rc_indicators,False,False,False,False,untreated,LEFT_NO_DETECTED,RIGHT_NO_DETECTED,UNTREATED,False,Unmodified
286,TGTGTTCGTTTTTCTTCAGTGCTATTTCTTCACAATCGAGTTTGGCCTTTGCAAGCAAGAAGGGCAACTGCGGGCATATGGAGCAGGACTCCTTTCCTCCATTGGAGAATTAAAGGTATGAAGCTGTGAATGAAAATACCCTTCCCATGCAAACTGGTTCAAGGTCAGGGAAAATATTGATTTGTTTGTCTGAGCATTTCTACTCACAGATACTCCATAAAAATTTAACATAGAGGATTTGGCACCTCGGATGTGGGTGCCGACCTCACTTTTCGCACTTGTGAAA,TGTGTTCGTTTTTCTTCAGTGCTATTTCTTCACAATCGAGTTTGGCCTTTGCAAGCAAGAAGGGCAACTGCGGGCATATGGAGCAGGACTCCTTTCCTCCATTGGAGAATTAAAGGTATGAAGCTGTGAATGAAAATACCCTTCCCATGCAAACTGGTTCAAGGTCAGGGAAAATATTGATTTGTTTGTCTGAGCATTTCTACTCACAGATACTCCATAAATATTTAACATAGAGGATTTGGCACCTCGGATGTGGGTGCCGACCTCACTTTTCGCACTTGTGAAA,False,True,False,0,0,0,1,0.036954915003695486,True,False,False,GGGCATATGGAGCAGGACTCCTTTCCTCCATTGGAGAATTAAAGGTATGAAGCTGTGA,True,0,0,0,0,0.0,0.0,False,False,False,,False,False,,False,False,,False,False,,False,0,0,0,0,0,0,False,0,0,0,0,0,0,False,no_inout_indicators,False,False,False,no_leftinout_indicators,False,False,False,no_rightinout_indicators,False,False,False,no_leftinout_rc_indicators,False,False,False,no_rightinout_rc_indicators,False,False,False,False,untreated,LEFT_NO_DETECTED,RIGHT_NO_DETECTED,UNTREATED,False,Unmodified
290,TGTGTTCGTTTTTCTTCAGTGCTATTTCTTCACAATCGAGTTTGGCCTTTGCAAGCAAGAAGGGCAACTGCGGGCATATGGAGCAGGACTCCTTTCCTCCATTGGAGAATTAAAGGTATGAAGCTGTGAATGAAAATACCCTTCCCATGCAAACTGGTTCAAGGTCAGGGAAAATATTGATTTGTTTGTCTGAGCATTTCTACTCACAGATACTCCATAAATATTTAACATAGAGGATTTGGCACCTCGGATGTGGGTGCCGACCTCACTTTTCGCACTTGTGNAA,TGTGTTCGTTTTTCTTCAGTGCTATTTCTTCACAATCGAGTTTGGCCTTTGCAAGCAAGAAGGGCAACTGCGGGCATATGGAGCAGGACTCCTTTCCTCCATTGGAGAATTAAAGGTATGAAGCTGTGAATGAAAATACCCTTCCCATGCAAACTGGTTCAAGGTCAGGGAAAATATTGATTTGTTTGTCTGAGCATTTCTACTCACAGATACTCCATAAATATTTAACATAGAGGATTTGGCACCTCGGATGTGGGTGCCGACCTCACTTTTCGCACTTGTGAAA,False,True,False,0,0,0,1,0.036954915003695486,True,False,False,GGGCATATGGAGCAGGACTCCTTTCCTCCATTGGAGAATTAAAGGTATGAAGCTGTGA,True,0,0,0,0,0.0,0.0,False,False,False,,False,False,,False,False,,False,False,,False,0,0,0,0,0,0,False,0,0,0,0,0,0,False,no_inout_indicators,False,False,False,no_leftinout_indicators,False,False,False,no_rightinout_indicators,False,False,False,no_leftinout_rc_indicators,False,False,False,no_rightinout_rc_indicators,False,False,False,False,untreated,LEFT_NO_DETECTED,RIGHT_NO_DETECTED,UNTREATED,False,Unmodified
291,TGTGTTCGTTTTTCTTCAGTGCTATTTCTTCACAATCGAGTTTGGCCTTTGCAAGCAAGAAGGGCAACTGCGGGCATATGGAGCAGGACTCCTTTCCTCCATTGGAGAATTAAAGGTATGAAGCTGTGAATGAAAATACCCTTCCCATGCAAACTGGTTCTAGGTCAGGGAAAATATTGATTTGTTTGTCTGAGCATTTCTACTCACAGATACTCCATAAATATTTAACATAGAGGATTTGGCACCTCGGATGTGGGTGCCGACCTCACTTTTCGCACTTGTGAAA,TGTGTTCGTTTTTCTTCAGTGCTATTTCTTCACAATCGAGTTTGGCCTTTGCAAGCAAGAAGGGCAACTGCGGGCATATGGAGCAGGACTCCTTTCCTCCATTGGAGAATTAAAGGTATGAAGCTGTGAATGAAAATACCCTTCCCATGCAAACTGGTTCAAGGTCAGGGAAAATATTGATTTGTTTGTCTGAGCATTTCTACTCACAGATACTCCATAAATATTTAACATAGAGGATTTGGCACCTCGGATGTGGGTGCCGACCTCACTTTTCGCACTTGTGAAA,False,True,False,0,0,0,1,0.036954915003695486,True,False,False,GGGCATATGGAGCAGGACTCCTTTCCTCCATTGGAGAATTAAAGGTATGAAGCTGTGA,True,0,0,0,0,0.0,0.0,False,False,False,,False,False,,False,False,,False,False,,False,0,0,0,0,0,0,False,0,0,0,0,0,0,False,no_inout_indicators,False,False,False,no_leftinout_indicators,False,False,False,no_rightinout_indicators,False,False,False,no_leftinout_rc_indicators,False,False,False,no_rightinout_rc_indicators,False,False,False,False,untreated,LEFT_NO_DETECTED,RIGHT_NO_DETECTED,UNTREATED,False,Unmodified
292,TGTGTTCGTATTTCTTCAGTGCTATTTCTTCACAATCGAGTTTGGCCTTTGCAAGCAAGAAGGGCAACTGCGGGCATATGGAGCAGGACTCCTTTCCTCCATTGGAGAATTAAAGGTATGAAGCTGTGAATGAAAATACCCTTCCCATGCAAACTGGTTCAAGGTCAGGGAAAATATTGATTTGTTTGTCTGAGCATTTCTACTCACAGATACTCCATAAATATTTAACATAGAGGATTTGGCACCTCGGATGTGGGTGCCGACCTCACTTTTCGCACTTGTGAAA,TGTGTTCGTTTTTCTTCAGTGCTATTTCTTCACAATCGAGTTTGGCCTTTGCAAGCAAGAAGGGCAACTGCGGGCATATGGAGCAGGACTCCTTTCCTCCATTGGAGAATTAAAGGTATGAAGCTGTGAATGAAAATACCCTTCCCATGCAAACTGGTTCAAGGTCAGGGAAAATATTGATTTGTTTGTCTGAGCATTTCTACTCACAGATACTCCATAAATATTTAACATAGAGGATTTGGCACCTCGGATGTGGGTGCCGACCTCACTTTTCGCACTTGTGAAA,False,True,False,0,0,0,1,0.036954915003695486,True,False,False,GGGCATATGGAGCAGGACTCCTTTCCTCCATTGGAGAATTAAAGGTATGAAGCTGTGA,True,0,0,0,0,0.0,0.0,False,False,False,,False,False,,False,False,,False,False,,False,0,0,0,0,0,0,False,0,0,0,0,0,0,False,no_inout_indicators,False,False,False,no_leftinout_indicators,False,False,False,no_rightinout_indicators,False,False,False,no_leftinout_rc_indicators,False,False,False,no_rightinout_rc_indicators,False,False,False,False,untreated,LEFT_NO_DETECTED,RIGHT_NO_DETECTED,UNTREATED,False,Unmodified
295,TGTGTTCGTTTTTCTTCAGTGCTATTTCTTCACAATCGAGTTTGGCCTTTGCAAGCAAGAAGGGCAACTGCGGGCATATGGAGCAGGACTCCTTTCCTCCATTGGAGAATTAAAGGTATGAAGCTGTGAATGAAAATACCCTTCCCATGCAAACTGGTTCGAGGTCAGGGAAAATATTGATTTGTTTGTCTGAGCATTTCTACTCACAGATACTCCATAAATATTTAACATAGAGGATTTGGCACCTCGGATGTGGGTGCCGACCTCACTTTTCGCACTTGTGAAA,TGTGTTCGTTTTTCTTCAGTGCTATTTCTTCACAATCGAGTTTGGCCTTTGCAAGCAAGAAGGGCAACTGCGGGCATATGGAGCAGGACTCCTTTCCTCCATTGGAGAATTAAAGGTATGAAGCTGTGAATGAAAATACCCTTCCCATGCAAACTGGTTCAAGGTCAGGGAAAATATTGATTTGTTTGTCTGAGCATTTCTACTCACAGATACTCCATAAATATTTAACATAGAGGATTTGGCACCTCGGATGTGGGTGCCGACCTCACTTTTCGCACTTGTGAAA,False,True,False,0,0,0,1,0.036954915003695486,True,False,False,GGGCATATGGAGCAGGACTCCTTTCCTCCATTGGAGAATTAAAGGTATGAAGCTGTGA,True,0,0,0,0,0.0,0.0,False,False,False,,False,False,,False,False,,False,False,,False,0,0,0,0,0,0,False,0,0,0,0,0,0,False,no_inout_indicators,False,False,False,no_leftinout_indicators,False,False,False,no_rightinout_indicators,False,False,False,no_leftinout_rc_indicators,False,False,False,no_rightinout_rc_indicators,False,False,False,False,untreated,LEFT_NO_DETECTED,RIGHT_NO_DETECTED,UNTREATED,False,Unmodified
296,TGTGTTCGTTTTTCTTCAGTGCTATTTCTTCACAATCGAGTTTGGCCTTTGCAAGCAAGAAGGGCAACTGCGGGCATATGGAGCAGGACTCCTTTCCTCCATTGGAGAATTAAAGGTATGAAGCTGTGAATGAAAATACCCTTCCCATGCAAACTGGTTCAAGGTCAGGGAAAATATTGATTTGTTTGTCTGAGCATTTCTACTCACAGATACTCCATAAATATTTAACATAGAGGATTTGGCACCTCGGATGTGGGTGCCGACCTCACTTTTCTCACTTGTGAAA,TGTGTTCGTTTTTCTTCAGTGCTATTTCTTCACAATCGAGTTTGGCCTTTGCAAGCAAGAAGGGCAACTGCGGGCATATGGAGCAGGACTCCTTTCCTCCATTGGAGAATTAAAGGTATGAAGCTGTGAATGAAAATACCCTTCCCATGCAAACTGGTTCAAGGTCAGGGAAAATATTGATTTGTTTGTCTGAGCATTTCTACTCACAGATACTCCATAAATATTTAACATAGAGGATTTGGCACCTCGGATGTGGGTGCCGACCTCACTTTTCGCACTTGTGAAA,False,True,False,0,0,0,1,0.036954915003695486,True,False,False,GGGCATATGGAGCAGGACTCCTTTCCTCCATTGGAGAATTAAAGGTATGAAGCTGTGA,True,0,0,0,0,0.0,0.0,False,False,False,,False,False,,False,False,,False,False,,False,0,0,0,0,0,0,False,0,0,0,0,0,0,False,no_inout_indicators,False,False,False,no_leftinout_indicators,False,False,False,no_rightinout_indicators,False,False,False,no_leftinout_rc_indicators,False,False,False,no_rightinout_rc_indicators,False,False,False,False,untreated,LEFT_NO_DETECTED,RIGHT_NO_DETECTED,UNTREATED,False,Unmodified
302,TGTGTTCGTTTTTCTTCAGTGCTATTTCTTCACAATCGAGTTTGGCCTTTGCAAGCAAGAAGGGCAACTGCGGGCATATGGAGCAGGACTCCTTTCCTCCATTGGAGAATTAAAGGTATGAAGCTGTGAATGAAAATACCCTTCCCATGCAAACTGGTTCAAGGTCAGGGAAAATATTGATTTGTTTGTCTGAGCATTTCTACTCACAGATACTCCATAAATATCTAACATAGAGGATTTGGCACCTCGGATGTGGGTGCCGACCTCACTTTTCGCACTTGTGAAA,TGTGTTCGTTTTTCTTCAGTGCTATTTCTTCACAATCGAGTTTGGCCTTTGCAAGCAAGAAGGGCAACTGCGGGCATATGGAGCAGGACTCCTTTCCTCCATTGGAGAATTAAAGGTATGAAGCTGTGAATGAAAATACCCTTCCCATGCAAACTGGTTCAAGGTCAGGGAAAATATTGATTTGTTTGTCTGAGCATTTCTACTCACAGATACTCCATAAATATTTAACATAGAGGATTTGGCACCTCGGATGTGGGTGCCGACCTCACTTTTCGCACTTGTGAAA,False,True,False,0,0,0,1,0.036954915003695486,True,False,False,GGGCATATGGAGCAGGACTCCTTTCCTCCATTGGAGAATTAAAGGTATGAAGCTGTGA,True,0,0,0,0,0.0,0.0,False,False,False,,False,False,,False,False,,False,False,,False,0,0,0,0,0,0,False,0,0,0,0,0,0,False,no_inout_indicators,False,False,False,no_leftinout_indicators,False,False,False,no_rightinout_indicators,False,False,False,no_leftinout_rc_indicators,False,False,False,no_rightinout_rc_indicators,False,False,False,False,untreated,LEFT_NO_DETECTED,RIGHT_NO_DETECTED,UNTREATED,False,Unmodified
305,TGTGTTCGTTTTTCTTCAGTGCTATTTCTTCGCAATCGAGTTTGGCCTTTGCAAGCAAGAAGGGCAACTGCGGGCATATGGAGCAGGACTCCTTTCCTCCATTGGAGAATTAAAGGTATGAAGCTGTGAATGAAAATACCCTTCCCATGCAAACTGGTTCAAGGTCAGGGAAAATATTGATTTGTTTGTCTGAGCATTTCTACTCACAGATACTCCATAAATATTTAACATAGAGGATTTGGCACCTCGGATGTGGGTGCCGACCCCACTTTTCGCACTTGTGAAA,TGTGTTCGTTTTTCTTCAGTGCTATTTCTTCACAATCGAGTTTGGCCTTTGCAAGCAAGAAGGGCAACTGCGGGCATATGGAGCAGGACTCCTTTCCTCCATTGGAGAATTAAAGGTATGAAGCTGTGAATGAAAATACCCTTCCCATGCAAACTGGTTCAAGGTCAGGGAAAATATTGATTTGTTTGTCTGAGCATTTCTACTCACAGATACTCCATAAATATTTAACATAGAGGATTTGGCACCTCGGATGTGGGTGCCGACCTCACTTTTCGCACTTGTGAAA,False,True,False,0,0,0,1,0.036954915003695486,True,False,False,GGGCATATGGAGCAGGACTCCTTTCCTCCATTGGAGAATTAAAGGTATGAAGCTGTGA,True,0,0,0,0,0.0,0.0,False,False,False,,False,False,,False,False,,False,False,,False,0,0,0,0,0,0,False,0,0,0,0,0,0,False,no_inout_indicators,False,False,False,no_leftinout_indicators,False,False,False,no_rightinout_indicators,False,False,False,no_leftinout_rc_indicators,False,False,False,no_rightinout_rc_indicators,False,False,False,False,untreated,LEFT_NO_DETECTED,RIGHT_NO_DETECTED,UNTREATED,False,Unmodified
307,GTGTTCGTTTTTCTTCAGTGCTATTTCTTCACAATCGAGGTTGGCCTTTGCAAGCAAGAAGGGCAACTGCGGGCATATGGAGCAGGACTCCTTTCCTCCATTGGAGAATTAAAGGTATGAAGCTGTGAATGAAAATACCCTTCCCATGCAAACTGGTTCAAGGTCAGGGAAAATATTGAGTTGTTTGTCTGAGCATTTCTACTCACAGATACTCCATAAATATTTAACATAGAGGATTTGGCACCTCGGATGTGGGTGCCGACCTCACTTTTCGCACTTGTGAAA,TGTGTTCGTTTTTCTTCAGTGCTATTTCTTCACAATCGAGTTTGGCCTTTGCAAGCAAGAAGGGCAACTGCGGGCATATGGAGCAGGACTCCTTTCCTCCATTGGAGAATTAAAGGTATGAAGCTGTGAATGAAAATACCCTTCCCATGCAAACTGGTTCAAGGTCAGGGAAAATATTGATTTGTTTGTCTGAGCATTTCTACTCACAGATACTCCATAAATATTTAACATAGAGGATTTGGCACCTCGGATGTGGGTGCCGACCTCACTTTTCGCACTTGTGAAA,False,True,False,0,0,0,1,0.036954915003695486,True,False,False,GGGCATATGGAGCAGGACTCCTTTCCTCCATTGGAGAATTAAAGGTATGAAGCTGTGA,True,0,0,0,0,0.0,0.0,False,False,False,,False,False,,False,False,,False,False,,False,0,0,0,0,0,0,False,0,0,0,0,0,0,False,no_inout_indicators,False,False,False,no_leftinout_indicators,False,False,False,no_rightinout_indicators,False,False,False,no_leftinout_rc_indicators,False,False,False,no_rightinout_rc_indicators,False,False,False,False,untreated,LEFT_NO_DETECTED,RIGHT_NO_DETECTED,UNTREATED,False,Unmodified
313,GTGTTCGTTTTTCTTCAGTGCTATTTCTTCACAATCGAGTTTGGCCTTTGCAAGCAAGAAGGGCAACTGCGGGCATATGGAGCAGGACTCCTTTCCTCCATTGGAGAATTAAAGGTATGAAGCTGTGAATGAAAATACCCTTCCCATGCAAACTGGTTCAAGGTCAGGGAAAATATTGATTTGTTTGTCTGAGCATTTCTACTCACAGATACTCCATAAATATTTAACATAGAGGATTTGGCACCTCGGATGTGGGTGCCGACCTCACTTTTCGCACTTGT,TGTGTTCGTTTTTCTTCAGTGCTATTTCTTCACAATCGAGTTTGGCCTTTGCAAGCAAGAAGGGCAACTGCGGGCATATGGAGCAGGACTCCTTTCCTCCATTGGAGAATTAAAGGTATGAAGCTGTGAATGAAAATACCCTTCCCATGCAAACTGGTTCAAGGTCAGGGAAAATATTGATTTGTTTGTCTGAGCATTTCTACTCACAGATACTCCATAAATATTTAACATAGAGGATTTGGCACCTCGGATGTGGGTGCCGACCTCACTTTTCGCACTTGTGAAA,False,True,False,0,0,0,1,0.036954915003695486,True,False,False,GGGCATATGGAGCAGGACTCCTTTCCTCCATTGGAGAATTAAAGGTATGAAGCTGTGA,True,0,0,0,0,0.0,0.0,False,False,False,,False,False,,False,False,,False,False,,False,0,0,0,0,0,0,False,0,0,0,0,0,0,False,no_inout_indicators,False,False,False,no_leftinout_indicators,False,False,False,no_rightinout_indicators,False,False,False,no_leftinout_rc_indicators,False,False,False,no_rightinout_rc_indicators,False,False,False,False,untreated,LEFT_NO_DETECTED,RIGHT_NO_DETECTED,UNTREATED,False,Unmodified
315,TGTGTTCGTTTTTCTTCAGTGCTATTTCTTCACAATCGAGTTTGGCCTTTGCAAGCAAGAAGGGCAACTGCGGGAATATGGAGCAGGACTCCTTTCCTCCATTGGAGAATTAAAGGTATGAAGCTGTGAATGAAAATACCCTTCCCATGCAAACTGGTTCAAGGTCAGGGAAAATATTGATTTGTTTGTCTGAGCATTTCTACTCACAGATACTCCATAAATATTTAACATAGAGGATTTGGCACCTCGGATGTGGGTGCCGACCTCACTTTTCGCACTTGTGAAA,TGTGTTCGTTTTTCTTCAGTGCTATTTCTTCACAATCGAGTTTGGCCTTTGCAAGCAAGAAGGGCAACTGCGGGCATATGGAGCAGGACTCCTTTCCTCCATTGGAGAATTAAAGGTATGAAGCTGTGAATGAAAATACCCTTCCCATGCAAACTGGTTCAAGGTCAGGGAAAATATTGATTTGTTTGTCTGAGCATTTCTACTCACAGATACTCCATAAATATTTAACATAGAGGATTTGGCACCTCGGATGTGGGTGCCGACCTCACTTTTCGCACTTGTGAAA,False,True,False,0,0,0,1,0.036954915003695486,False,False,False,,,0,0,0,0,0.0,0.0,False,False,False,,False,False,,False,False,,False,False,,False,0,0,0,0,0,0,False,0,0,0,0,0,0,False,no_outout_indicators,False,False,False,no_leftinout_indicators,False,False,False,no_rightinout_indicators,False,False,False,no_leftinout_rc_indicators,False,False,False,no_rightinout_rc_indicators,False,False,False,False,unidentified,LEFT_NO_DETECTED,RIGHT_NO_DETECTED,OTHERS,False,Unclassified
317,TGTGTTCGTTTTTCTTCAGTGCTATTTCTTCACAATCGAGTTTGGCCTTTGCAAGCAAGAAGGGCAACTGCGGGCATATGGAGCAGGACTCCTTTCCTCCATTGGAGAATTAAAGGTATGAATCTGTGAATGAAAATACCCTTCCCATGCAAACTGGTTCAAGGTCAGGGAAAATATTGATTTGTTTGTCTGAGCATTTCTACTCACAGATACTCCATAAATATTTAACATAGAGGATTTGGCACCTCGGATGTGGGTTCCGACCTCACTTTTCGCACTTGTGAAA,TGTGTTCGTTTTTCTTCAGTGCTATTTCTTCACAATCGAGTTTGGCCTTTGCAAGCAAGAAGGGCAACTGCGGGCATATGGAGCAGGACTCCTTTCCTCCATTGGAGAATTAAAGGTATGAAGCTGTGAATGAAAATACCCTTCCCATGCAAACTGGTTCAAGGTCAGGGAAAATATTGATTTGTTTGTCTGAGCATTTCTACTCACAGATACTCCATAAATATTTAACATAGAGGATTTGGCACCTCGGATGTGGGTGCCGACCTCACTTTTCGCACTTGTGAAA,False,True,False,0,0,0,1,0.036954915003695486,False,False,False,,,0,0,0,0,0.0,0.0,False,False,False,,False,False,,False,False,,False,False,,False,0,0,0,0,0,0,False,0,0,0,0,0,0,False,no_outout_indicators,False,False,False,no_leftinout_indicators,False,False,False,no_rightinout_indicators,False,False,False,no_leftinout_rc_indicators,False,False,False,no_rightinout_rc_indicators,False,False,False,False,unidentified,LEFT_NO_DETECTED,RIGHT_NO_DETECTED,OTHERS,False,Unclassified
322,TGTGTTCGTTTTTCTTCAGTGCTATTTCTTCACAATCGAGTTTGGCCTTTGCAAGCAAGAAGGGCAACTGCGGGCATATGGAGCAGGACTCCTTTCCTCCATTGGAGAATTAAAGGTATGAAGCTGTGAATGAAAAAACCCTTCCCATGCAAACTGGTTCAAGGTCAGGGAAAATATTGATTTGTTTGTCTGAGCATTTCTACTCACAGATACTCCATAAATATTTAACATAGAGGATTTGGCACCTCGGATGTGGGTGCCGACCTCACTTTTCGCACTTGTGAAA,TGTGTTCGTTTTTCTTCAGTGCTATTTCTTCACAATCGAGTTTGGCCTTTGCAAGCAAGAAGGGCAACTGCGGGCATATGGAGCAGGACTCCTTTCCTCCATTGGAGAATTAAAGGTATGAAGCTGTGAATGAAAATACCCTTCCCATGCAAACTGGTTCAAGGTCAGGGAAAATATTGATTTGTTTGTCTGAGCATTTCTACTCACAGATACTCCATAAATATTTAACATAGAGGATTTGGCACCTCGGATGTGGGTGCCGACCTCACTTTTCGCACTTGTGAAA,False,True,False,0,0,0,1,0.036954915003695486,True,False,False,GGGCATATGGAGCAGGACTCCTTTCCTCCATTGGAGAATTAAAGGTATGAAGCTGTGA,True,0,0,0,0,0.0,0.0,False,False,False,,False,False,,False,False,,False,False,,False,0,0,0,0,0,0,False,0,0,0,0,0,0,False,no_inout_indicators,False,False,False,no_leftinout_indicators,False,False,False,no_rightinout_indicators,False,False,False,no_leftinout_rc_indicators,False,False,False,no_rightinout_rc_indicators,False,False,False,False,untreated,LEFT_NO_DETECTED,RIGHT_NO_DETECTED,UNTREATED,False,Unmodified
324,GTGTTCGTTTTTCTTCAGTGCTATTTCTTCACAATCGAGTTTGGCCTTTGCAAGCAAGAAGGGCAACTGCGGGCATATGGAGCAGGACTCCTTTCCTCCATTGGAGAATTAAAGGTATGAAGCTGTGAATGAAAATACCCTTCCCATGCAAACTGGTTCAAGGTCAGGGAAAATATTGATTTGTTTGTCTGAGCATTTCTACTCACAGATACTCCATAAATATTTAACATAGAGGATTTGGCACCTCGGATGTGGGTGTCGACCTCACTTTTCGCACTTGTGAAA,TGTGTTCGTTTTTCTTCAGTGCTATTTCTTCACAATCGAGTTTGGCCTTTGCAAGCAAGAAGGGCAACTGCGGGCATATGGAGCAGGACTCCTTTCCTCCATTGGAGAATTAAAGGTATGAAGCTGTGAATGAAAATACCCTTCCCATGCAAACTGGTTCAAGGTCAGGGAAAATATTGATTTGTTTGTCTGAGCATTTCTACTCACAGATACTCCATAAATATTTAACATAGAGGATTTGGCACCTCGGATGTGGGTGCCGACCTCACTTTTCGCACTTGTGAAA,False,True,False,0,0,0,1,0.036954915003695486,True,False,False,GGGCATATGGAGCAGGACTCCTTTCCTCCATTGGAGAATTAAAGGTATGAAGCTGTGA,True,0,0,0,0,0.0,0.0,False,False,False,,False,False,,False,False,,False,False,,False,0,0,0,0,0,0,False,0,0,0,0,0,0,False,no_inout_indicators,False,False,False,no_leftinout_indicators,False,False,False,no_rightinout_indicators,False,False,False,no_leftinout_rc_indicators,False,False,False,no_rightinout_rc_indicators,False,False,False,False,untreated,LEFT_NO_DETECTED,RIGHT_NO_DETECTED,UNTREATED,False,Unmodified
328,TGTGTTCGTTTTTCTTCAGTGCTATTTCTTCACAATCGAGTTTGGCCTTTGCAAGCAAGAAGGGCAACTGCGGGCATATGGAGCAGGACTCCTTTCCTCCATTGGAGAATTAAAGGTATGAAGCTGTGAATGAAAATACCCTTCCCATGCAAACTGGTTCAAAGTCAGGGAAAATATTGATTTGTTTGTCTGAGCATTTCTACTCACAGATACTCCATAAATATTTAACATAGAGGATTTGGCACCTCGGATGTGGGTGCCGACCTCACTTTTCGCACTTGTGAAA,TGTGTTCGTTTTTCTTCAGTGCTATTTCTTCACAATCGAGTTTGGCCTTTGCAAGCAAGAAGGGCAACTGCGGGCATATGGAGCAGGACTCCTTTCCTCCATTGGAGAATTAAAGGTATGAAGCTGTGAATGAAAATACCCTTCCCATGCAAACTGGTTCAAGGTCAGGGAAAATATTGATTTGTTTGTCTGAGCATTTCTACTCACAGATACTCCATAAATATTTAACATAGAGGATTTGGCACCTCGGATGTGGGTGCCGACCTCACTTTTCGCACTTGTGAAA,False,True,False,0,0,0,1,0.036954915003695486,True,False,False,GGGCATATGGAGCAGGACTCCTTTCCTCCATTGGAGAATTAAAGGTATGAAGCTGTGA,True,0,0,0,0,0.0,0.0,False,False,False,,False,False,,False,False,,False,False,,False,0,0,0,0,0,0,False,0,0,0,0,0,0,False,no_inout_indicators,False,False,False,no_leftinout_indicators,False,False,False,no_rightinout_indicators,False,False,False,no_leftinout_rc_indicators,False,False,False,no_rightinout_rc_indicators,False,False,False,False,untreated,LEFT_NO_DETECTED,RIGHT_NO_DETECTED,UNTREATED,False,Unmodified
329,TGTGTTCGTTTTTCTTCAGTGCTATTTCTTCACAATCGAGTTTGGCCTTTGCAAGCTAGAAGGGCAACTGCGGGCATATGGAGCAGGACTCCTTTCCTCCATTGGAGAATTAAAGGTATGAAGCTGTGAATGAAAATACCCTTCCCATGCAAACTGGTTCAAGGTCAGGGAAAATATTGATTTGTTTGTCTGAGCATTTCTACTCACAGATACTCCATAAATATTTAACATAGAGGATTTGGCACCTCGGATGTGGGTGCCGACCTCACTTTTCGCACTTGTGAAA,TGTGTTCGTTTTTCTTCAGTGCTATTTCTTCACAATCGAGTTTGGCCTTTGCAAGCAAGAAGGGCAACTGCGGGCATATGGAGCAGGACTCCTTTCCTCCATTGGAGAATTAAAGGTATGAAGCTGTGAATGAAAATACCCTTCCCATGCAAACTGGTTCAAGGTCAGGGAAAATATTGATTTGTTTGTCTGAGCATTTCTACTCACAGATACTCCATAAATATTTAACATAGAGGATTTGGCACCTCGGATGTGGGTGCCGACCTCACTTTTCGCACTTGTGAAA,False,True,False,0,0,0,1,0.036954915003695486,True,False,False,GGGCATATGGAGCAGGACTCCTTTCCTCCATTGGAGAATTAAAGGTATGAAGCTGTGA,True,0,0,0,0,0.0,0.0,False,False,False,,False,False,,False,False,,False,False,,False,0,0,0,0,0,0,False,0,0,0,0,0,0,False,no_inout_indicators,False,False,False,no_leftinout_indicators,False,False,False,no_rightinout_indicators,False,False,False,no_leftinout_rc_indicators,False,False,False,no_rightinout_rc_indicators,False,False,False,False,untreated,LEFT_NO_DETECTED,RIGHT_NO_DETECTED,UNTREATED,False,Unmodified
330,GTTCGTTTTTCTTCAGTGCTATTTCTTCACAATCGAGTTTGGCCTTTGCAAGCAAGAAGGGCAACTGCGGGCATATGGAGCAGGACTCCTTTCCTCCATTGGAGAATTAAAGGTATGAAGCTGTGAATGAAAATACCCTTCCCATGCAAACTGGTTCAAGGTCAGGGAAAATATTGATTTGTTTGTCTGAGCATTTCTACTCACAGATACTCCATAAATATTTAACATAGAGGATTTGGCACCTCGGATGTGGGTGCCGACCTCACTTTTCGCACTTGTGAAA,TGTGTTCGTTTTTCTTCAGTGCTATTTCTTCACAATCGAGTTTGGCCTTTGCAAGCAAGAAGGGCAACTGCGGGCATATGGAGCAGGACTCCTTTCCTCCATTGGAGAATTAAAGGTATGAAGCTGTGAATGAAAATACCCTTCCCATGCAAACTGGTTCAAGGTCAGGGAAAATATTGATTTGTTTGTCTGAGCATTTCTACTCACAGATACTCCATAAATATTTAACATAGAGGATTTGGCACCTCGGATGTGGGTGCCGACCTCACTTTTCGCACTTGTGAAA,False,True,False,0,0,0,1,0.036954915003695486,True,False,False,GGGCATATGGAGCAGGACTCCTTTCCTCCATTGGAGAATTAAAGGTATGAAGCTGTGA,True,0,0,0,0,0.0,0.0,False,False,False,,False,False,,False,False,,False,False,,False,0,0,0,0,0,0,False,0,0,0,0,0,0,False,no_inout_indicators,False,False,False,no_leftinout_indicators,False,False,False,no_rightinout_indicators,False,False,False,no_leftinout_rc_indicators,False,False,False,no_rightinout_rc_indicators,False,False,False,False,untreated,LEFT_NO_DETECTED,RIGHT_NO_DETECTED,UNTREATED,False,Unmodified
335,TGTGTTCGTTTTTCTTCAGTGCTATTTCTTCACAATCGAGTGTGGCCATTGCAAGCAAGAAGGGCAACTGCGGGCATATGGAGCAGGACTCCTTTCCTCCATTGGAGAATTAAAGGTATGAAGCTGTGAATGAAAATACCCTTCCCATGCAAACTGGTTCAAGGTCAGGGAAAATATTGATTTGTTTGTCTGAGCATTTCTACTCACAGATACTCCATAAATATTTAACATAGAGGATTTGGCACCTCGGATGTGGGTGCCGACCTCACTTTTCGCACTTGTGAAA,TGTGTTCGTTTTTCTTCAGTGCTATTTCTTCACAATCGAGTTTGGCCTTTGCAAGCAAGAAGGGCAACTGCGGGCATATGGAGCAGGACTCCTTTCCTCCATTGGAGAATTAAAGGTATGAAGCTGTGAATGAAAATACCCTTCCCATGCAAACTGGTTCAAGGTCAGGGAAAATATTGATTTGTTTGTCTGAGCATTTCTACTCACAGATACTCCATAAATATTTAACATAGAGGATTTGGCACCTCGGATGTGGGTGCCGACCTCACTTTTCGCACTTGTGAAA,False,True,False,0,0,0,1,0.036954915003695486,True,False,False,GGGCATATGGAGCAGGACTCCTTTCCTCCATTGGAGAATTAAAGGTATGAAGCTGTGA,True,0,0,0,0,0.0,0.0,False,False,False,,False,False,,False,False,,False,False,,False,0,0,0,0,0,0,False,0,0,0,0,0,0,False,no_inout_indicators,False,False,False,no_leftinout_indicators,False,False,False,no_rightinout_indicators,False,False,False,no_leftinout_rc_indicators,False,False,False,no_rightinout_rc_indicators,False,False,False,False,untreated,LEFT_NO_DETECTED,RIGHT_NO_DETECTED,UNTREATED,False,Unmodified
336,TGTGTTCGTTTTTCTTCAGTGCTATTTCTTCACAATCGAGTTTGGCCTTTGCAAGCAAGAAGGGCAACTGCGGGCATATGGAGCAGGACTCCTTTCCTCCATTGGAGAATTAAAGGTATGAAGCTGTGAATGAAAATACCCTTCCCATGCAAACTGGTTCAAGGTCAGGGAAAATATTGATTTGTTTGTCTGAGCATTTCTACTCACAGATACTCCATAAATATTTAACATAGAGGATTTGGCACCTCGGATGAGGGTGCCGACCTCACTTTTCGCACTTGTGAAA,TGTGTTCGTTTTTCTTCAGTGCTATTTCTTCACAATCGAGTTTGGCCTTTGCAAGCAAGAAGGGCAACTGCGGGCATATGGAGCAGGACTCCTTTCCTCCATTGGAGAATTAAAGGTATGAAGCTGTGAATGAAAATACCCTTCCCATGCAAACTGGTTCAAGGTCAGGGAAAATATTGATTTGTTTGTCTGAGCATTTCTACTCACAGATACTCCATAAATATTTAACATAGAGGATTTGGCACCTCGGATGTGGGTGCCGACCTCACTTTTCGCACTTGTGAAA,False,True,False,0,0,0,1,0.036954915003695486,True,False,False,GGGCATATGGAGCAGGACTCCTTTCCTCCATTGGAGAATTAAAGGTATGAAGCTGTGA,True,0,0,0,0,0.0,0.0,False,False,False,,False,False,,False,False,,False,False,,False,0,0,0,0,0,0,False,0,0,0,0,0,0,False,no_inout_indicators,False,False,False,no_leftinout_indicators,False,False,False,no_rightinout_indicators,False,False,False,no_leftinout_rc_indicators,False,False,False,no_rightinout_rc_indicators,False,False,False,False,untreated,LEFT_NO_DETECTED,RIGHT_NO_DETECTED,UNTREATED,False,Unmodified
348,TGTGTTCGTTTTTCTTCAGTGCTATTTCTTCACAATCGAGTTTGGCCTTTGCAAGCAAGAAGGGCAACTGCGGGCATATGGAGCAGGACTCCTTTCCTCCATTGGAGAATTAAAGGTATCAAGCTGTGAATGAAAATACCCTTCCCATGCAAACTGGTTCAAGGTCAGGGAAAATATTGATTTGTTTGTCTGAGCATTTCTACTCACAGATACTCCATAAATATTTAACATAGAGGATTTGGCACCTCGGATGTGGGTGCCGACCTCACTTTTCGCACTTGTGAAA,TGTGTTCGTTTTTCTTCAGTGCTATTTCTTCACAATCGAGTTTGGCCTTTGCAAGCAAGAAGGGCAACTGCGGGCATATGGAGCAGGACTCCTTTCCTCCATTGGAGAATTAAAGGTATGAAGCTGTGAATGAAAATACCCTTCCCATGCAAACTGGTTCAAGGTCAGGGAAAATATTGATTTGTTTGTCTGAGCATTTCTACTCACAGATACTCCATAAATATTTAACATAGAGGATTTGGCACCTCGGATGTGGGTGCCGACCTCACTTTTCGCACTTGTGAAA,False,True,False,0,0,0,1,0.036954915003695486,True,False,False,GGGCATATGGAGCAGGACTCCTTTCCTCCATTGGAGAATTAAAGGTATCAAGCTGTGA,True,0,0,0,0,0.0,0.0,False,False,False,,False,False,,False,False,,False,False,,False,0,0,0,0,0,0,False,0,0,0,0,0,0,False,no_inout_indicators,False,False,False,no_leftinout_indicators,False,False,False,no_rightinout_indicators,False,False,False,no_leftinout_rc_indicators,False,False,False,no_rightinout_rc_indicators,False,False,False,False,untreated,LEFT_NO_DETECTED,RIGHT_NO_DETECTED,UNTREATED,False,Unmodified
353,TGTGTTCGTTTTTCTTCAGTGCTATTTCTTCACAATCGAGTTTGGCCTTTGCAAGCAAGAAGGGCAACTGCGGGCATATGGAGCAGGACTCCTTTCCTCCATTGGAGAATTAAAGGTATGAAGCTGTGAATGAAAATACCCTTCCCATGCAAACTGGTTCAAGGTCAGGGAAAATATTGATTTGTTTGTCTGAGCATTTCTACTCACAGATACTCAATAAATATTTAACATAGAGGATTTGGCACCTCGGATGTGGGTGCCGACCTCACTTTTCGCAATTGTGAAA,TGTGTTCGTTTTTCTTCAGTGCTATTTCTTCACAATCGAGTTTGGCCTTTGCAAGCAAGAAGGGCAACTGCGGGCATATGGAGCAGGACTCCTTTCCTCCATTGGAGAATTAAAGGTATGAAGCTGTGAATGAAAATACCCTTCCCATGCAAACTGGTTCAAGGTCAGGGAAAATATTGATTTGTTTGTCTGAGCATTTCTACTCACAGATACTCCATAAATATTTAACATAGAGGATTTGGCACCTCGGATGTGGGTGCCGACCTCACTTTTCGCACTTGTGAAA,False,True,False,0,0,0,1,0.036954915003695486,True,False,False,GGGCATATGGAGCAGGACTCCTTTCCTCCATTGGAGAATTAAAGGTATGAAGCTGTGA,True,0,0,0,0,0.0,0.0,False,False,False,,False,False,,False,False,,False,False,,False,0,0,0,0,0,0,False,0,0,0,0,0,0,False,no_inout_indicators,False,False,False,no_leftinout_indicators,False,False,False,no_rightinout_indicators,False,False,False,no_leftinout_rc_indicators,False,False,False,no_rightinout_rc_indicators,False,False,False,False,untreated,LEFT_NO_DETECTED,RIGHT_NO_DETECTED,UNTREATED,False,Unmodified
359,TGTGTTCGTTTTTCTTCAGTGCTATTTCTTCACAATCGAGTTTGGCCTTTGCAAGCAAGAAGGGCAACTGCGGGCATATGGAGCAGGACTCCTTTCCTCCATTGGAGAATTAAAGGTATGAAGCTGTGAATGAAAATACCCTTCCCATGCAAACTGGTTCAAGGTCAGGGAAAATATAGATTTGTTTGTCTGAGCATTTCTACTCACAGATACTCCATAAATATTTAACATAGAGGATTTGGCACCTCGGATGTGGGTGCCGACCTCACTTTTCGCACTTGTGAAA,TGTGTTCGTTTTTCTTCAGTGCTATTTCTTCACAATCGAGTTTGGCCTTTGCAAGCAAGAAGGGCAACTGCGGGCATATGGAGCAGGACTCCTTTCCTCCATTGGAGAATTAAAGGTATGAAGCTGTGAATGAAAATACCCTTCCCATGCAAACTGGTTCAAGGTCAGGGAAAATATTGATTTGTTTGTCTGAGCATTTCTACTCACAGATACTCCATAAATATTTAACATAGAGGATTTGGCACCTCGGATGTGGGTGCCGACCTCACTTTTCGCACTTGTGAAA,False,True,False,0,0,0,1,0.036954915003695486,True,False,False,GGGCATATGGAGCAGGACTCCTTTCCTCCATTGGAGAATTAAAGGTATGAAGCTGTGA,True,0,0,0,0,0.0,0.0,False,False,False,,False,False,,False,False,,False,False,,False,0,0,0,0,0,0,False,0,0,0,0,0,0,False,no_inout_indicators,False,False,False,no_leftinout_indicators,False,False,False,no_rightinout_indicators,False,False,False,no_leftinout_rc_indicators,False,False,False,no_rightinout_rc_indicators,False,False,False,False,untreated,LEFT_NO_DETECTED,RIGHT_NO_DETECTED,UNTREATED,False,Unmodified
361,TGTGTTCGTTTTTCTTCAGTGCTATTTCTTCACAATCGAGTTTGGCCTTTGCAAGCAAGAAGGGCAACTGCGGGCATATGGAGCAGGACTCCTTTCCTCCATTGGAGAATTAAAGGTATGAAGCTGTGAATGAAAATACCCTTCCCATGCAAACTGGTTCAAGGTCAGGGAAAATATTGATTTGTTTGTCTGAGCATTTCTACTCACAGATACTCCATAAATATTTAACATAGAGGATTCGGCACCTCGGATGTGGGTGCCGACCTCACTTTTCGCACTTGTGAAA,TGTGTTCGTTTTTCTTCAGTGCTATTTCTTCACAATCGAGTTTGGCCTTTGCAAGCAAGAAGGGCAACTGCGGGCATATGGAGCAGGACTCCTTTCCTCCATTGGAGAATTAAAGGTATGAAGCTGTGAATGAAAATACCCTTCCCATGCAAACTGGTTCAAGGTCAGGGAAAATATTGATTTGTTTGTCTGAGCATTTCTACTCACAGATACTCCATAAATATTTAACATAGAGGATTTGGCACCTCGGATGTGGGTGCCGACCTCACTTTTCGCACTTGTGAAA,False,True,False,0,0,0,1,0.036954915003695486,True,False,False,GGGCATATGGAGCAGGACTCCTTTCCTCCATTGGAGAATTAAAGGTATGAAGCTGTGA,True,0,0,0,0,0.0,0.0,False,False,False,,False,False,,False,False,,False,False,,False,0,0,0,0,0,0,False,0,0,0,0,0,0,False,no_inout_indicators,False,False,False,no_leftinout_indicators,False,False,False,no_rightinout_indicators,False,False,False,no_leftinout_rc_indicators,False,False,False,no_rightinout_rc_indicators,False,False,False,False,untreated,LEFT_NO_DETECTED,RIGHT_NO_DETECTED,UNTREATED,False,Unmodified
365,TGTGTTCGTTTTTCTTCAGTGCTATTTCTTCACAATCGAGTTTGGCCTTTGCAAGCAAGAAGGGCAACTGCGGGCATATGGAGCAGGACTCCTTTCCTCCATTGGAGAATTAAAGGTATGAAGCTGTGAATGAAAATACCCTTCCCATGCAAACTGGTTCAAGGTCAGGGAAAATATTGATTTGTTTGTCTGAGCATTTCTACTCACAGATACTCCATAAATATTTAACATAGAGGATTTGGCACCTCGGATGTGGGTGCCGACCTCACTTTTCGCACTTGTGAAATCACCTCAAAGAGCCTACATCATCAGGACGCCAAGCTCCCCTGGGTTCATTCATTAAACACTGATGGCGTCCACACCATACACCTGGTACTACAGAGCACCGCGGCGCGGCACCTTACCAGAGCTGTTTGCTTATAATGACGACCTTTGGTCGTCCCCTTCACCCC,TGTGTTCGTTTTTCTTCAGTGCTATTTCTTCACAATCGAGTTTGGCCTTTGCAAGCAAGAAGGGCAACTGCGGGCATATGGAGCAGGACTCCTTTCCTCCATTGGAGAATTAAAGGTATGAAGCTGTGAATGAAAATACCCTTCCCATGCAAACTGGTTCAAGGTCAGGGAAAATATTGATTTGTTTGTCTGAGCATTTCTACTCACAGATACTCCATAAATATTTAACATAGAGGATTTGGCACCTCGGATGTGGGTGCCGACCTCACTTTTCGCACTTGTGAAA,False,True,False,0,0,0,1,0.036954915003695486,True,False,False,GGGCATATGGAGCAGGACTCCTTTCCTCCATTGGAGAATTAAAGGTATGAAGCTGTGA,True,0,0,0,0,0.0,0.0,False,False,False,,False,False,,False,False,,False,False,,False,0,0,0,0,0,0,False,0,0,0,0,0,0,False,no_inout_indicators,False,False,False,no_leftinout_indicators,False,False,False,no_rightinout_indicators,False,False,False,no_leftinout_rc_indicators,False,False,False,no_rightinout_rc_indicators,False,False,False,False,untreated,LEFT_NO_DETECTED,RIGHT_NO_DETECTED,UNTREATED,False,Unmodified
370,TGTGTTCGTTTTTCTTCAGTGCTATTTCTTCACCATCGAGTTTGGCCTTTGCAAGCAAGAAGGGCAACTGCGGGCATATGGAGCAGGACTCCTTTCCTCCATTGGAGAATTACAGGTATGAAGCTGTGAATGAAAATACCCTTCCCATGCAAACTGGTTCAAGGTCAGGGAAAATCTTGATTTGTTTGTCTGAGCATTTCTACTCACAGATACTCCATAAATATTTAACATAGAGGATTTGGCACCTCGGATGTGGGTGCCGACCTCACTTTTCGCACTTGTGAAA,TGTGTTCGTTTTTCTTCAGTGCTATTTCTTCACAATCGAGTTTGGCCTTTGCAAGCAAGAAGGGCAACTGCGGGCATATGGAGCAGGACTCCTTTCCTCCATTGGAGAATTAAAGGTATGAAGCTGTGAATGAAAATACCCTTCCCATGCAAACTGGTTCAAGGTCAGGGAAAATATTGATTTGTTTGTCTGAGCATTTCTACTCACAGATACTCCATAAATATTTAACATAGAGGATTTGGCACCTCGGATGTGGGTGCCGACCTCACTTTTCGCACTTGTGAAA,False,True,False,0,0,0,1,0.036954915003695486,True,False,False,GGGCATATGGAGCAGGACTCCTTTCCTCCATTGGAGAATTACAGGTATGAAGCTGTGA,True,0,0,0,0,0.0,0.0,False,False,False,,False,False,,False,False,,False,False,,False,0,0,0,0,0,0,False,0,0,0,0,0,0,False,no_inout_indicators,False,False,False,no_leftinout_indicators,False,False,False,no_rightinout_indicators,False,False,False,no_leftinout_rc_indicators,False,False,False,no_rightinout_rc_indicators,False,False,False,False,untreated,LEFT_NO_DETECTED,RIGHT_NO_DETECTED,UNTREATED,False,Unmodified
373,TGTGTTCGTTTTTCTTCAGTGCTATTTCTTCACAATCGAGTTTGGCCTTTGCAAGCAAGAAGGGCAACTGCGGGCATATGGAGCAGGACTCCTTTCCTCCATTGGAGAATTAAAGGTATGAAGCTGTGAATGAAAATACCCTTCCCATGCAAACTGGTTCAAGGTCAGGGAAAACATTGATTTGTTTGTCTGAGCATTTCTACTCACAGATACTCCATAAATATTTAACATAGAGGATTTGGCACCTCGGATGTGGGTGCCGACCTCACTTTTCGCACTTGTGAAA,TGTGTTCGTTTTTCTTCAGTGCTATTTCTTCACAATCGAGTTTGGCCTTTGCAAGCAAGAAGGGCAACTGCGGGCATATGGAGCAGGACTCCTTTCCTCCATTGGAGAATTAAAGGTATGAAGCTGTGAATGAAAATACCCTTCCCATGCAAACTGGTTCAAGGTCAGGGAAAATATTGATTTGTTTGTCTGAGCATTTCTACTCACAGATACTCCATAAATATTTAACATAGAGGATTTGGCACCTCGGATGTGGGTGCCGACCTCACTTTTCGCACTTGTGAAA,False,True,False,0,0,0,1,0.036954915003695486,True,False,False,GGGCATATGGAGCAGGACTCCTTTCCTCCATTGGAGAATTAAAGGTATGAAGCTGTGA,True,0,0,0,0,0.0,0.0,False,False,False,,False,False,,False,False,,False,False,,False,0,0,0,0,0,0,False,0,0,0,0,0,0,False,no_inout_indicators,False,False,False,no_leftinout_indicators,False,False,False,no_rightinout_indicators,False,False,False,no_leftinout_rc_indicators,False,False,False,no_rightinout_rc_indicators,False,False,False,False,untreated,LEFT_NO_DETECTED,RIGHT_NO_DETECTED,UNTREATED,False,Unmodified
376,TGTGTTCGTTTATCTTCAGTGCTATTTCTTCACAATCGAGTTTGGCCTTTGCAAGCAAGAAGGGCAACTGCGGGCATATGGAGCAGGACTCCTTTCCTCCATTGGAGAATTAAAGGTATGAAGCTGTGAATGAAAATACCCTTCCCATGCAAACTGGTTCAAGGTCAGGGAAAATATTGATTTGTTTGTCTGAGCATTTCTACTCACAGATACTCCATAAATATTTAACATAGAGGATTTGGCACCTCGGATGTGGGTGCCGACCTCACTTTTCGCACTTGTGAAA,TGTGTTCGTTTTTCTTCAGTGCTATTTCTTCACAATCGAGTTTGGCCTTTGCAAGCAAGAAGGGCAACTGCGGGCATATGGAGCAGGACTCCTTTCCTCCATTGGAGAATTAAAGGTATGAAGCTGTGAATGAAAATACCCTTCCCATGCAAACTGGTTCAAGGTCAGGGAAAATATTGATTTGTTTGTCTGAGCATTTCTACTCACAGATACTCCATAAATATTTAACATAGAGGATTTGGCACCTCGGATGTGGGTGCCGACCTCACTTTTCGCACTTGTGAAA,False,True,False,0,0,0,1,0.036954915003695486,True,False,False,GGGCATATGGAGCAGGACTCCTTTCCTCCATTGGAGAATTAAAGGTATGAAGCTGTGA,True,0,0,0,0,0.0,0.0,False,False,False,,False,False,,False,False,,False,False,,False,0,0,0,0,0,0,False,0,0,0,0,0,0,False,no_inout_indicators,False,False,False,no_leftinout_indicators,False,False,False,no_rightinout_indicators,False,False,False,no_leftinout_rc_indicators,False,False,False,no_rightinout_rc_indicators,False,False,False,False,untreated,LEFT_NO_DETECTED,RIGHT_NO_DETECTED,UNTREATED,False,Unmodified
377,TGTGTTCGTTTTTCTTCAGTGCTATTTCTTCACAATCGAGTTTGGCCTTTGCAAGCAAGAAGGGCAACTGCGGGCATATGGAGCAGGACTCCTTTCCTCCATTGGAGAATTAAAGGTATGAAGCTGTGAATGAAAATACCCTTCCCATGCAAACTGGTTCAAGGTCAGGGAAAATATTGATTTGTTTGTCTGAGCATTTCTACTCACAGATACTCCATAAATATTTAACATAGAGGATTTGGCACCTCGGATGTGGGTGCCGACCTCACTTTTCGCAC,TGTGTTCGTTTTTCTTCAGTGCTATTTCTTCACAATCGAGTTTGGCCTTTGCAAGCAAGAAGGGCAACTGCGGGCATATGGAGCAGGACTCCTTTCCTCCATTGGAGAATTAAAGGTATGAAGCTGTGAATGAAAATACCCTTCCCATGCAAACTGGTTCAAGGTCAGGGAAAATATTGATTTGTTTGTCTGAGCATTTCTACTCACAGATACTCCATAAATATTTAACATAGAGGATTTGGCACCTCGGATGTGGGTGCCGACCTCACTTTTCGCACTTGTGAAA,False,True,False,0,0,0,1,0.036954915003695486,True,False,False,GGGCATATGGAGCAGGACTCCTTTCCTCCATTGGAGAATTAAAGGTATGAAGCTGTGA,True,0,0,0,0,0.0,0.0,False,False,False,,False,False,,False,False,,False,False,,False,0,0,0,0,0,0,False,0,0,0,0,0,0,False,no_inout_indicators,False,False,False,no_leftinout_indicators,False,False,False,no_rightinout_indicators,False,False,False,no_leftinout_rc_indicators,False,False,False,no_rightinout_rc_indicators,False,False,False,False,untreated,LEFT_NO_DETECTED,RIGHT_NO_DETECTED,UNTREATED,False,Unmodified
379,GTGTTCGTTTTTCTTCAGTGCTATTTCTTCACAATCGAGTTTGGCCTTTGCAAGCAAGAAGGGCAACTGCGGGCATATGGAGCAGGACTCCTTTCCTCCATTGGAGAATTAAAGGTATGAAGCTGTGAATGAAAATACCCTTCCCATGCAAACTGGTTCAAGGTCAGGGAAAATATTGATTTGTATGTCTGAGCATTTCTACTCACAGATACTCCATAAATATTTAACATAGAGGATTTGGCACCTCGGTTGTGGTTGCCGACCTCACTTTTCGCACTTGTGAAA,TGTGTTCGTTTTTCTTCAGTGCTATTTCTTCACAATCGAGTTTGGCCTTTGCAAGCAAGAAGGGCAACTGCGGGCATATGGAGCAGGACTCCTTTCCTCCATTGGAGAATTAAAGGTATGAAGCTGTGAATGAAAATACCCTTCCCATGCAAACTGGTTCAAGGTCAGGGAAAATATTGATTTGTTTGTCTGAGCATTTCTACTCACAGATACTCCATAAATATTTAACATAGAGGATTTGGCACCTCGGATGTGGGTGCCGACCTCACTTTTCGCACTTGTGAAA,False,True,False,0,0,0,1,0.036954915003695486,True,False,False,GGGCATATGGAGCAGGACTCCTTTCCTCCATTGGAGAATTAAAGGTATGAAGCTGTGA,True,0,0,0,0,0.0,0.0,False,False,False,,False,False,,False,False,,False,False,,False,0,0,0,0,0,0,False,0,0,0,0,0,0,False,no_inout_indicators,False,False,False,no_leftinout_indicators,False,False,False,no_rightinout_indicators,False,False,False,no_leftinout_rc_indicators,False,False,False,no_rightinout_rc_indicators,False,False,False,False,untreated,LEFT_NO_DETECTED,RIGHT_NO_DETECTED,UNTREATED,False,Unmodified
388,TGTGTTCGTTTTTCTTCAGTGCTATTTCTTCACAATCGAGTTTGGCCTTTGCAAGCAAGAAGGGCAACTGCGGGCATATGGAGCAGGACTCCTTTCCTCCATTGGAGAATTAAAGGTATGAAGCTGTGAATGAAAATACCCTTCCCATGCAAACTGGTTCTAGGTCAGGGAAAATATTGATTTGTTTGTCTGAGCATTTCTACTCACAGATACTCCATAAATATTTAACATAGCGGATTTGGCACCTCGGATGTGGGTGCCGACCTCACTTTTCGCACTTGTGAAACCTGATTCCCACATGACCCAAATCCCACTGGCAGGGATGAGGAGAGGGGTGGAGGGTTTAGTGGGAGATGTTGCAAGGCTAGTGCTAGTGGTTGAAAGGTCTGAAACATTTCCAGGTGACAGGCTAGGCTTCAAGGTT,TGTGTTCGTTTTTCTTCAGTGCTATTTCTTCACAATCGAGTTTGGCCTTTGCAAGCAAGAAGGGCAACTGCGGGCATATGGAGCAGGACTCCTTTCCTCCATTGGAGAATTAAAGGTATGAAGCTGTGAATGAAAATACCCTTCCCATGCAAACTGGTTCAAGGTCAGGGAAAATATTGATTTGTTTGTCTGAGCATTTCTACTCACAGATACTCCATAAATATTTAACATAGAGGATTTGGCACCTCGGATGTGGGTGCCGACCTCACTTTTCGCACTTGTGAAA,False,True,False,0,0,0,1,0.036954915003695486,True,False,False,GGGCATATGGAGCAGGACTCCTTTCCTCCATTGGAGAATTAAAGGTATGAAGCTGTGA,True,0,0,0,0,0.0,0.0,False,False,False,,False,False,,False,False,,False,False,,False,0,0,0,0,0,0,False,0,0,0,0,0,0,False,no_inout_indicators,False,False,False,no_leftinout_indicators,False,False,False,no_rightinout_indicators,False,False,False,no_leftinout_rc_indicators,False,False,False,no_rightinout_rc_indicators,False,False,False,False,untreated,LEFT_NO_DETECTED,RIGHT_NO_DETECTED,UNTREATED,False,Unmodified
392,TGTGTTCGTTTTTCTTCAGTGCTATTTCTTCACAATCGAGTTTGGCCTTTGCAAGCAAGTAGGGCAACTGCGGGCATATGGAGCAGGACTCCTTTCCTCCAGTGGAGAATTAAAGGTATGAAGCTGTGAATGAAAATACCCTTCCCATGCCAACTGGTTCAAGGTCAGGGAAAATATTGATTTGTTTGTCTGAGCATTTCTACTCACAGATACTCCATAAATATTTAACATAGAGGATTTGGCACCTCGGATGTGGGTGCCGACCTCACTTTTCGCACTTGTGAAA,TGTGTTCGTTTTTCTTCAGTGCTATTTCTTCACAATCGAGTTTGGCCTTTGCAAGCAAGAAGGGCAACTGCGGGCATATGGAGCAGGACTCCTTTCCTCCATTGGAGAATTAAAGGTATGAAGCTGTGAATGAAAATACCCTTCCCATGCAAACTGGTTCAAGGTCAGGGAAAATATTGATTTGTTTGTCTGAGCATTTCTACTCACAGATACTCCATAAATATTTAACATAGAGGATTTGGCACCTCGGATGTGGGTGCCGACCTCACTTTTCGCACTTGTGAAA,False,True,False,0,0,0,1,0.036954915003695486,True,False,False,GGGCATATGGAGCAGGACTCCTTTCCTCCAGTGGAGAATTAAAGGTATGAAGCTGTGA,True,0,0,0,0,0.0,0.0,False,False,False,,False,False,,False,False,,False,False,,False,0,0,0,0,0,0,False,0,0,0,0,0,0,False,no_inout_indicators,False,False,False,no_leftinout_indicators,False,False,False,no_rightinout_indicators,False,False,False,no_leftinout_rc_indicators,False,False,False,no_rightinout_rc_indicators,False,False,False,False,untreated,LEFT_NO_DETECTED,RIGHT_NO_DETECTED,UNTREATED,False,Unmodified
394,TGTGTTCGTTTTTCTTCAGTGCTATTTCTTCACAATCGAGTTTGGCCTTTGCAAGCAAGAAGGTCAACCGCGGGCATATGGAGCAGGACTCCTTTCCTCCATTGGAGAATTAAAGGTATGAAGCTGTGAATGAAAATACACTTCCCATGCAAACTGGTTCAAGGTCAGGGAAAATATTGATTTGTTTGTCTGAGCATTTCTACTCACAGATACTCCATAAATATTTAACATAGAGGATTTGGCACCTCGGATGTGGGTGACGACCTCACTTTTCGCACTTGTGAAA,TGTGTTCGTTTTTCTTCAGTGCTATTTCTTCACAATCGAGTTTGGCCTTTGCAAGCAAGAAGGGCAACTGCGGGCATATGGAGCAGGACTCCTTTCCTCCATTGGAGAATTAAAGGTATGAAGCTGTGAATGAAAATACCCTTCCCATGCAAACTGGTTCAAGGTCAGGGAAAATATTGATTTGTTTGTCTGAGCATTTCTACTCACAGATACTCCATAAATATTTAACATAGAGGATTTGGCACCTCGGATGTGGGTGCCGACCTCACTTTTCGCACTTGTGAAA,False,True,False,0,0,0,1,0.036954915003695486,True,False,False,GGGCATATGGAGCAGGACTCCTTTCCTCCATTGGAGAATTAAAGGTATGAAGCTGTGA,True,0,0,0,0,0.0,0.0,False,False,False,,False,False,,False,False,,False,False,,False,0,0,0,0,0,0,False,0,0,0,0,0,0,False,no_inout_indicators,False,False,False,no_leftinout_indicators,False,False,False,no_rightinout_indicators,False,False,False,no_leftinout_rc_indicators,False,False,False,no_rightinout_rc_indicators,False,False,False,False,untreated,LEFT_NO_DETECTED,RIGHT_NO_DETECTED,UNTREATED,False,Unmodified
